ICA_00	ICA_01	ICA_02	ICA_03	ICA_04	ICA_05	ICA_06	ICA_07	ICA_08	ICA_09	ICA_10	ICA_11	ICA_12
-1.2776476379858497	-0.09642771196782345	0.4196357264239887	0.9609012956527326	0.4501028372309129	-0.03054667653404749	2.738633645463034	1.1902442026779534	0.4930010081958648	1.563252277012792	-1.3544616523726216	-0.6697655026382554	1.423102518340815
1.2075055836959276	-0.19363291472930882	0.16832615934254064	0.8367322064459094	0.029610086276429526	-0.0389243911645188	2.909980898295401	0.8196883323274424	0.21320461088041284	1.7208122906277388	-1.0920503750236756	0.2119530723333301	-1.2641157893844914
-0.5638766493315247	-0.15953678086883896	0.4564312380279368	0.15124571966760186	-0.5552929441024312	-0.14840817060853062	3.21771546096308	0.6367789933998814	-0.332199194578433	1.9752847131327385	-1.397209482014975	-1.4549764460635852	1.3267068225450913
0.5010334469616758	-0.032200225389861205	0.41453846968412	-0.37076246612858477	-0.629576037495361	0.2703120011880211	2.486104154663499	0.7795019910324572	0.4040434429252668	2.006213877247003	-1.0608300970212041	-0.16574354863704552	-1.4596593509839364
0.13416031225837555	0.28603114024705545	0.25630407763363744	-0.44579562991482546	-0.7117290153040989	0.5794454494705895	2.1959240296282374	0.9967537182361498	-0.009350123444390278	1.7106000610455092	-1.1860729535647505	0.43335190307895566	1.3292859143890123
1.3808110715297555	-0.03254593508903155	0.7499999433919868	-0.35506980844908587	-1.5732147658124789	0.04133510196695686	0.903786046202649	1.6356029165655046	-0.7388726254492163	0.040120883035453254	-0.5547563650364568	-0.23711231577690658	0.6907058910660859
-0.14350675209521255	0.007043940724485774	1.3072403755727169	2.2836261539130702	-1.7356720402737822	-0.38635680733548305	0.4862296734484996	0.945926017629992	-0.5609622013599198	-1.6403888890166123	-0.8707454005948646	-0.49505852607369244	-0.9467168246173387
-1.5240818832876306	0.28163041838552183	1.7246842750862692	1.9552128260502424	-2.1162654710385453	-0.8151662710656365	0.8202068863490348	0.36279637585785446	1.166044221413526	-2.44909248604376	-1.500457399966341	0.6239166702604102	-0.4912664578886934
-0.1049324430112963	0.6296970349025022	1.9783156200416796	1.0430879209150836	-1.7434426243334993	-0.4859648057715697	0.4729072874892499	0.03535355453421494	0.27675217013324843	-2.649360676443923	-1.728213998757372	0.9383385873131576	1.2110927779572536
0.6270042416577147	0.4534833309590365	1.836617618453946	-0.057894362155583946	-1.1003922399146893	-0.2808565199158171	-0.2241640349797332	-0.21246034595459415	-1.1216981830217958	-2.9249590192934796	-1.690228568497064	-0.520798615823175	0.5432797593032116
-0.6397017796797779	0.6012707514617313	1.9696314781611861	-0.6722048832478729	-1.1267607274477736	-0.46199742260990073	-0.9077339666789909	-0.0642237154418513	-0.6072833888372341	-3.022316112829177	-1.6343107276623343	-1.368456427879298	-0.08279961007917598
1.5275834954322975	2.7360182662791606	1.516662908243052	-0.5236458877117792	-0.8598927088274543	-0.3247930182351143	-1.143757361405758	0.5283504605485619	-0.3202660218054391	-2.847245608741681	-1.7109787347754224	-1.360903492826514	0.20740564747116946
-0.2102618892733382	2.2443871163956186	1.175202284194414	0.7516222879397273	-0.07738182303402254	0.016645843508998354	-1.3835530129014237	0.5354162331100673	0.4171852572961935	-2.7896621433740516	-1.8263056790247385	-0.8148284230064838	-0.1126631859656063
1.2484249128253098	2.010344965479877	1.2404551094884764	0.6683603194881194	-0.18226558242081967	0.20097111913270976	-0.6812450967818303	0.4805250240408919	0.3250605088866964	-2.457063619413872	-1.802159662500011	-0.10389528981599777	-0.7768692407506042
-0.19689460552813873	2.09259831485885	0.8968564577360043	0.6236009511965164	-0.21009037326296268	-0.021086184607027797	-0.4396443532921502	0.23882879224014042	0.10565631652710818	-1.719135210929733	-1.9657172831581344	-1.011273721223562	-0.9128732236471679
1.2217197543147158	1.900103665733271	0.85422560468001	-0.1669582679547448	-0.7586507238333472	-0.2647567463196192	0.11774536003022744	0.187812101488094	1.5048648586422582	-0.7258887530829617	-2.065131121671985	1.0888744911389545	0.30536932914500703
0.6754336322242773	1.7180841254806936	0.46532432529287726	-1.752966642233535	-0.6305263294158874	-0.07579884202539998	0.46156403252100486	-0.04426916729491378	-0.6166423697167825	-0.19347973662206835	-1.8030531770749358	-1.2920733641750823	1.240735426831333
0.878553640129719	1.7004002051138578	0.12228792063496052	-2.4761184361500597	-0.04049462907661038	-0.2164822102368341	0.3513620833263106	0.9422412007487769	0.0864986220915206	0.1878354368938161	-1.529817156820451	1.122600029999893	-1.4296635745015225
0.5330551737116153	1.7032899328346105	-0.15296253805023027	-2.4078627777081607	0.017272438773748733	-0.43365149103552025	-0.2771441056771093	1.7800287649155389	1.5470515360097228	0.4984281614405601	-0.6407433951891087	-1.0803655560439802	-0.20296846993840853
-0.014217642523932799	1.8141492928442364	-0.2933581520914403	-0.5021310734415292	0.0499221195181198	-0.7873228033503719	-0.4083578037172372	2.479473725080534	-1.0355589032836299	1.1497860236902027	-0.6019033197567074	1.0754192444144406	1.0429228746705952
0.6989042815219638	1.5441253147516367	-0.8395525793793793	0.4564313124485141	0.4236902547134681	-0.9339959230252586	0.007978018892166275	2.204983020478076	-0.4280070054464823	1.4485731306165215	-0.18026960945591095	-0.6352503038204911	-1.4585368861831078
-1.1533115495410078	1.581306315832199	-1.4497238633980962	0.8409100235815442	0.8037982062653056	-0.3233556594832655	0.3982784027821328	1.9988954046518546	0.46281169922401305	1.5809467518187266	-0.8276681470880398	0.3806109918620902	1.4484199944398233
1.2874967684619614	1.4180462719638047	-1.6441400829119195	-0.811621525674195	0.9937914352533228	-0.45399591931995975	-0.6883045742805993	2.0779371006491796	-1.462759250555125	1.089356625273365	-0.30800104971427184	-0.8405332949255503	-0.25420238489670455
0.016017983909348343	1.152179498077401	-1.4285982661603347	-0.2735565935354615	0.3935390379861481	-0.5929453926051136	-1.0041604146861534	2.5294508332177665	0.246626422334663	0.02602418171632393	-0.11414163788403064	-1.7370849123716434	-0.8947542271124757
1.2275902388925475	1.3548376872028218	0.01471286253946291	1.5122444078304922	-0.6392086624268329	-0.35447156204426883	-1.068423705807915	2.4824126094849364	1.2085753621977	-1.0665111705164738	-0.221361376712861	1.0412709636916093	-0.5311000033371736
0.6735046633419749	1.2804012518368582	1.2839259318301797	1.7155505599112113	-0.3752438621889545	0.21910808433556384	-1.1775410868433869	1.022839715756481	1.2036789950884206	-1.9737039477305087	-0.7562972064663446	-1.1133315524469756	0.6132501786695023
-1.205505579309195	1.4002098682044586	1.923889410385561	1.2744780633793664	-0.3000697000345572	0.25111325572656673	-1.4510218604642269	0.6821345511970411	-0.4317112436784744	-2.333173454192738	-1.5476865821208503	0.8972301924937538	1.0196240928595592
1.1922965797176348	1.2951181073010318	1.7203779785913624	-0.058374258142703396	0.08287228883863665	0.13907605454696612	-1.5582997345129364	0.29615469547124684	-1.3114821898141769	-2.091851296091586	-1.518782489643572	0.297930576064728	0.14387793759272977
0.15746555634096107	1.2461384693959439	0.8477836174045107	-0.33115826511492547	-0.1319785167685245	-0.20996491232242592	-1.1418085510412852	0.14298870232202443	-1.1065677659326136	-1.15057331626972	-1.5369470925388886	-1.351439225330599	-0.40892837528344494
-0.3765952867701163	1.4525171697016603	0.33902282894115604	-0.07090620962766213	-0.3274135110706252	0.1996913551716347	-0.6769272579297784	0.4696527197360427	-0.17137145367718884	-0.3980290532327556	-1.6395624834338463	0.6439520738893036	-1.1527342938462677
1.293836661688902	1.386156594563824	0.06165958312947953	-0.3739616454760505	-0.25717969034375476	0.3309287390851027	-0.6393823537833763	0.18953883703184965	1.3428620697417115	-0.1182413499929385	-1.4635567623910275	-0.6446891725816658	-0.9205439277778857
-0.3452237606278498	1.3839891971858418	-0.13089695632915804	-0.2450943720211051	-0.04259840602511756	0.453506370293417	-0.675064028162581	0.29660634893961363	1.0566201742004069	0.0420703213156564	-1.4709145757665811	-1.423401759847818	0.8576441839355229
-0.2069876440610574	1.6947799880661323	-0.22534168680726097	-0.6202102649330711	0.3724209155272037	0.48331469480531497	-0.7237084969316966	0.523053910986524	-1.4499577234175791	-0.0481560933916477	-1.5044868791970358	-0.007963876587175511	-0.07020718113061865
0.1298635056130437	1.3897337632860824	-0.2533319465671866	-1.4351993663605145	0.7286595342886932	0.2834289994057163	0.20168169850572712	0.6347157021031131	1.4697832199450618	-0.03916818140430327	-1.3386030560330076	1.0338329812766434	-0.37047323827313994
1.1435196331638344	1.3076256346238042	-0.24860938652536885	-1.5522741956850348	0.7770390521519916	0.03913634674416676	-0.19854639768379853	1.0031745210010683	-0.16444634791636187	0.14537706399952074	-0.6353751858273999	-0.716186179098551	1.5822681836210615
-0.316500671908214	0.9285511871582297	-0.345696758519347	-0.3296098899439303	0.972335866873031	0.13265779776146142	-0.44164158491867445	1.3209350457278535	-1.0813520694670853	0.5310077839597648	-0.637944497530121	-1.0334856666776897	-1.0580399728019252
-0.19874978065637167	0.5980478939047457	-0.6514924757919897	0.06841500265932986	1.0267563935270971	0.11097468875120635	0.7000534308279766	1.4581584690281313	1.559874111738613	0.558783510761874	-0.7026016490260741	1.0021235455126203	0.07627304361901188
1.244772197288541	0.5774927138368446	-0.5982262726871971	-0.08136643326822578	1.3886233778321955	0.2298840565719978	1.0676309231731336	1.1668696207826625	-0.9810252113069907	0.6151456765383464	-0.502342204269564	-0.8337948953525627	1.2624354655473817
-0.6567743079400055	0.5613448529681953	-0.5908454652839432	-0.32611218286771243	1.2431313096296155	0.1659713039353298	0.9980261191013862	1.5434453780091288	-0.6299109743874328	0.5285205145080585	-0.736208154770925	-0.25134286755271035	-0.9437595573634635
1.5248948109619471	0.34113896744278427	-0.2799003759045797	0.10969079620070722	0.8150140709607399	0.4000698329431834	0.7390100378363489	1.6311572175826003	1.388209043477526	0.526044359668761	-0.33703862401915197	-0.23635832127740922	-0.8534293540743665
-0.34669020169050846	0.46690401230531137	-0.5690499907148552	0.9603263187460604	0.6299524440478568	0.7837651197971757	0.4143236176850623	1.2103484961959805	-0.6659763109489323	0.7200366765733218	-0.8603131539362744	-1.6074581450095524	1.1627186769242814
-0.271378824411215	0.4848792182038801	-1.12758049414876	0.6533784096598764	0.27413842769453484	0.9698848095405127	0.12660941847180845	1.0233936054420565	-0.45562606360012753	0.12472179080235758	-1.0657550373275506	-0.011538657761967958	-1.1018945810361147
1.961605306934637	0.23256214589629606	-0.25121128033057755	0.6516364725140332	0.03306712929886139	0.8881793696261352	-0.11599079087628246	0.6884384237150604	0.8329854063070078	-1.11973742504919	-0.8754073880445021	0.025962096996496934	-1.1673984241973825
0.9604592858156689	0.1102594762886501	0.7481354662460838	0.777640696894887	-0.41062749337680704	0.4354149399908044	-0.13756020716203776	0.10933935890636584	1.3698486679176196	-1.8959804157777829	-1.0832033739978129	-1.3580284977146448	0.07099053895550014
-0.4411503682369445	0.22458978171588007	1.522254659725921	1.092944378733185	-1.0976135571615846	-0.03876675650851086	0.2906194983378113	-0.07391001451217212	-0.11533250161115567	-2.490739948918559	-1.5829405972250867	0.21780066248589752	1.2168849789205276
0.9285854954789957	0.26061986752959265	1.8055471474050182	-0.09467730921229135	-1.4115114343876645	-0.7378280037274753	0.41652511076651005	-0.1767347945592278	-1.0312138664111072	-2.4219248741653914	-1.7199724918193862	1.4364945858283418	0.36602794605419814
0.8610308963698908	0.2514654354636244	1.799706400115025	-0.16430785871561607	-1.6227044118065066	-0.9173804410657872	0.43265110887460423	-0.26571767619108067	-1.0761589430391174	-2.206941525374944	-1.6066488727081074	-0.35392875775720034	-0.6543400296001886
-0.6453101400663928	0.25439759640241166	1.4944692326862095	-0.15836887941204222	-0.7361684860803794	-1.093036828204129	0.39398444099973623	-0.35274187726453266	0.015221487264782951	-1.9255371136887713	-1.7243632131120614	-0.6137960968665287	-1.322974016935426
0.21642702069017286	0.6111399954011266	0.7237341031033153	-0.7140881839707032	-0.45690316526650854	-0.8578115448833123	0.3102876832373663	-0.16040188232940883	1.3338563459916128	-1.004353771158611	-1.699958321243281	1.1985510286816379	-0.18510128588862962
0.6857056252066905	0.47099200975119954	-0.03315720666931562	-1.082464424941962	-0.3732394825064036	-0.21238919702075068	-0.13527527591985034	0.06608184164714444	0.9329068472177497	-0.43153993121692125	-1.1924241091738035	-0.7916789847560319	0.9624322647992126
-1.0071328448149182	0.20359137932993993	-0.4209974487513337	-0.559619135581552	-0.5976881709546309	0.16415968632427097	-0.2391837105186841	0.45491568878180916	-1.2660295139451603	0.012627076738720308	-1.3817391152949408	0.20041834467602587	0.3063762287789481
1.3455008520975706	0.316569474103986	-0.6722559076799991	-1.1486920504879248	-0.012560578151815683	0.0320897916714386	0.4343004302382934	0.3925406984328369	0.9361962159351769	0.36487914151575934	-0.9716820474191729	0.20275965704080762	-1.2848585322650696
-0.10588817682900988	0.6415284699826229	-0.7797320394131882	-1.7608988629438493	0.14474052088535777	-0.3800853008857676	0.5009608149867778	1.0647451230196934	0.9009300694344159	0.5395310701096622	-0.7387858858300731	-1.216693256645552	0.8654185624607814
0.8592814340340236	0.6921720112665177	-0.5618278423991386	-0.5083581697474949	0.2979709636181587	-0.1467342580138354	-0.4923786081948288	1.698621826406845	-1.5014364093706785	0.8998145971781227	-0.28217442409016325	1.0182554319596002	0.10180436925264615
0.5923661501719667	0.1815994396994867	-1.0387854614890608	-0.0016101910661187246	0.0012846817774371864	-0.4494794764063516	-0.35259575581840785	1.428033494625301	1.631362216458504	0.9783832091615495	-0.06383158331794271	-0.5350938418901894	-0.41796942103012447
0.8525629029048724	0.40848846132103256	-1.590831458393434	-0.18718390962605716	0.09848437875699852	-0.6219424769352269	-0.05906075637761975	1.1132588505220655	-1.3928567896818569	0.6801481581345107	-0.2797432597328562	-0.5284893350852093	-0.21054592823069454
-0.7942303905675169	0.2460759703061648	-1.538919043362976	-1.6251127864243349	-0.29906605327876123	-0.9411481673380241	0.0024145781765060868	1.6835825158566182	1.3674252716493056	0.2073291876691167	-0.1297293443010638	-0.9639124377915563	-0.21490553307691448
0.5890305451985013	0.382693426146468	-0.22199309572350456	0.01481468843996101	-0.3248587379661921	-0.5012968717881345	-1.0481391563550797	2.169592377130091	-0.5329673077665923	0.29622858760915055	0.18908480872632835	1.0857130095759677	1.6346500826641843
0.5535002639090603	0.3799638115939128	0.4347495774518839	1.1047718710480003	0.516372900222442	0.07651883342714434	-1.2272846153871138	1.1918255725917535	-0.25247159778227807	0.5848658041065797	0.099865330534747	-0.6010393357294253	-1.4960585008757172
-1.1678859851925611	0.05930752692408772	1.0744347605390083	0.8324164087394887	0.6452276906185913	0.5026107871221168	-0.6996667454565079	1.0423621963090572	0.4549504081762475	0.3725973390953256	-0.5296930690750935	-0.2651589261159885	1.1731767493003245
1.4473407908137166	-0.06975729002278072	1.6666802090527497	0.2584975211923592	0.367860002576971	0.6720258401239392	-0.5077715249850104	0.7617295459029325	-0.975583657020168	-0.4502872879875787	-0.5033259807385202	0.39125814964263717	0.9280383661284944
0.6213323830371145	-0.38756369030705057	1.2558874577452304	0.16840361408660454	0.6288423129230117	0.418254105418196	0.1344052525957367	0.29632716162708994	-1.3534901247734483	-0.5433705036934583	-0.6395055829499146	-1.6362100159986548	-0.36432563370247356
-0.786051372571352	-0.3741026647553086	0.5614907553873338	0.7401096241650174	0.699329121784379	0.4478840234441189	0.7015913505615388	0.1499017282075978	0.9542614424340022	-0.16477038305649686	-1.0079841603101602	-0.514205472154814	-1.0368414060626743
1.6818553310881872	-0.1288374252616488	0.30681447301531156	0.16751981572933983	1.0041480744668623	0.2657635588631231	1.2515777291737835	-0.21635436715404868	-0.6165473977043309	0.1371938240694648	-1.0476362309507485	0.11074788852200487	1.3297920408898423
-0.14012739173821936	-0.31929469069861	-0.24940969459805523	-1.0736524718706615	0.8475912645918081	0.15643491622928388	1.1490558821254193	-0.26053215202718905	-0.9134578418317378	0.03714188482648505	-1.091834530745606	-1.0932369806826667	-0.9660794539798767
0.5394585470735339	-0.2235441996005386	-0.30807622297439946	-1.0341125915999982	0.8102248996031645	0.2091534532256407	1.053023986973836	0.1487341868821782	1.6584600070702413	0.047344198335147664	-0.9451402443546216	1.3553105471748617	0.17528544778667657
0.40936958580443494	-0.09781003987952927	-0.9378957911069996	-0.990567658394203	0.6608379621003988	0.5625453284095847	0.9013727588348271	0.15055823304640656	-0.7468102083407626	0.18214023263378215	-0.5875430302579409	-0.9354781584819585	1.0997972547116521
-0.5391403821873691	-0.23118109575690377	-1.4021171714786926	0.05323222120889697	0.7166864015634741	0.5973415965748602	0.495096817089611	0.6206131768741043	-0.553850210915863	0.4642146150817063	-0.705926896765205	0.29233601367719864	-1.3969069297807342
1.3565174134294289	-0.3177559646434627	-1.5539142783171636	0.23607678258665402	0.4045715114727902	0.4596927033761819	0.6479954251639796	0.3659701950144388	1.2701422452680693	0.572961097452896	-0.4298204858428964	-0.06887792399631992	0.9039725886473072
-0.696674065473096	-0.3007879825148738	-1.7441879157599147	-0.020350509226156877	0.12497779858691752	0.7387726799806192	1.254506005957448	0.2354954200468489	-0.9307526364125353	0.6238941707434017	-0.9412136944650885	-0.8214974853996589	-1.0746643024814653
0.8030733745954027	-0.3801995221434805	-1.6319726366841356	-1.642152067115104	0.02598316711494735	0.7611022280173879	1.4123804066708128	0.7644510074567752	1.3636555727088056	0.17386785191333898	-0.5432042050892585	1.231994124955976	0.758963089528712
1.2424982761653833	-0.5347737402307147	-1.4707332209164445	-1.216318588436278	0.01161180955271873	1.2522990427638838	0.40672184696348485	1.2763774357103606	-1.2847531662539224	0.12833066139419094	0.0850435335339547	-1.2022916333951676	0.8070265788167054
-0.586250829976281	-0.431523326812453	-1.3001244252932433	0.49271823650571767	-0.0908534593325313	1.3571235591122182	0.241967160828737	1.2832941959772182	0.4008930875550837	0.32146526500729966	-0.05522889940514289	-0.7819959304837281	-1.3990858667662933
-0.7386757717861199	-0.2301349446792723	-1.162401279768555	1.4347099874775715	-0.6075334712275181	0.9864016785171167	-0.02714220917562305	0.8697273967345063	0.10381740001522505	0.5171428983436013	-0.43453019221504197	-0.07965841255233976	1.5024875082066658
-0.09790261098657138	-0.3604438548128403	-0.14981980000313946	0.6951324396968735	-0.8127682986959789	0.5717900249711247	0.07897661513238548	0.2669907098091737	-0.7876491781664511	0.3747784768798588	-0.6932600280001554	0.4924993934597259	-1.1248501921389709
1.4276873137289763	-0.39988443297065657	0.28935599855381283	-0.8329407647258484	-0.5094349644638169	-0.019264300369881953	-0.5269163663349232	0.32654386972157956	1.433431713901805	0.24241742032595404	-0.3827204844594598	0.21233322321195539	0.6967639527631768
-0.8138049016647241	-0.34381111107823953	0.5185096897033248	-1.0431527178636228	-0.7593743454217053	-0.46914161225782836	-0.8820920602419978	1.0285403791408645	-1.0571794768460712	0.31403899456027673	-0.4124984969363831	-0.547001722026302	0.5844640381540017
-0.22701320839805464	-0.3685216573771531	1.0228914582852389	-0.11694360763424723	-0.15874741593074926	-0.5687319874631858	-0.8870231581433413	1.3160764662854965	0.46847364551831616	0.6802380052765808	-0.447146037904643	1.993525381841825	-1.5313166296932448
1.1197350837228648	-0.48318054856276593	1.086898793428891	0.3112837026439459	0.14656570672659075	-1.0461231567132736	-1.0605179413908221	0.6525813464618977	1.4149827990662234	0.48323166808209683	-0.32836408839161646	-0.5780198356958115	0.6566256632075028
-0.9554647019559788	-0.8313038941940266	1.0468744470337554	0.29835525154964976	-0.492045274912432	-1.1839758284165849	-1.3127932197590948	0.37253584251423144	-0.9407123048216497	0.2841638207645072	-0.748578568720024	-1.3636187820669716	0.8730757538591543
0.8991424278444793	-0.6775117224933244	0.6631396398437541	-0.3430441965770496	0.0010954081949519578	-1.1278107242805506	-1.1682133142664002	0.13941641316398753	0.24809558108699975	0.033547039071435227	-0.7262238354422585	1.051048939602225	-1.3819324479977737
1.0923760091725943	-0.8013345333139621	-0.2635163631280499	-1.5645638523838745	0.4795698525215975	-0.9785975812408305	-1.2307488100749555	0.6865906613161893	0.6423606916182901	-0.3751768297943213	-0.3657433465645387	-1.3477045462364647	-0.7258553369432793
-1.5268029822586242	-0.6817139731827364	-0.81327735261269	0.8367289459011923	0.4172831529844013	-0.41689093490863177	-1.2179175905852058	1.88260592150364	1.0489438442130123	0.041867713189273466	-0.6023680165581845	-0.6211719115153933	-0.4357501185266634
0.9811786939276487	-0.43708030176398244	-0.9593346447333703	2.2908103769120993	0.8145817700931773	0.41889697014833643	-0.7148972735923056	1.074612182839983	0.22590636569580788	0.27203490202606856	-0.64746693921932	1.4000613734873097	1.6502471284802958
0.4162549433074285	-0.4731370153800235	-1.2022678050280038	1.461793307230547	1.3173826788257688	0.8124891487479468	-0.4494663892348422	-0.22513822527970564	-0.9693493304434069	0.06729282322591652	-0.7876007121411145	-1.377865696218424	-0.9650086167033061
-1.068401268879935	-0.6590112061583574	-1.0374844622328347	0.3077337589512046	0.922820595472062	0.7742973878015607	0.7086227901314572	0.15641394110235568	1.3586373518978596	0.2676639382625541	-1.3678865318035671	1.2153204934552184	0.03005912945908814
0.9825308325928205	-0.7281814879435615	-0.8602096311106867	-0.6233138716723658	1.3479524426490643	0.4972461831546561	0.20117613442932752	-0.230367281591748	-0.7858610175719236	-0.13985185091669394	-0.7913988552914739	-0.8627550175419844	1.253920863395653
-1.1336133728419802	-1.0296281218560623	-0.326360522364219	-0.8609116109970508	1.441612894115617	0.2844869672180305	0.6104922458616908	0.31101648318736747	0.4056531441035328	-0.11597284835036421	-1.1933600295323055	0.5517475079799653	-1.2089684617940553
0.4793820156563982	-0.9446011605711032	-0.8454105414439667	-1.4927501120315387	1.1795312648983702	-0.014131984344909494	0.36815141734816687	0.5450969643725593	1.313193262953407	-0.40051768961119094	-0.2671772292826986	-0.7159789190137108	0.7704181465246013
-0.5693860120876254	-0.8715296890849631	-0.8730277324909503	-0.6266115938798557	0.4706372382241469	-0.6004727677069048	0.5153688122043129	1.4225735066813538	-1.0743929749936176	-0.5944565360115472	-0.2782064661662925	0.6878973302690813	0.6051162358778608
0.5447350022253373	-0.6950650486267618	-0.8321215700338511	0.4324892054713971	-0.23504207195792493	-0.9305861187319299	1.228077252760698	1.3091040599282064	-0.8129606054311027	-0.3937367249207817	0.45088819237078875	-0.8725104576317021	-1.2776118255668232
-1.0963877547109855	-1.0660300149126127	0.04393445417463153	2.2039990527982405	-0.49144404993210755	-0.6019369499235598	2.128250102270999	0.9302544738879884	0.5601193866930865	0.39896453934399034	-0.3766226400093812	0.5796560862139013	1.332746559566745
1.509547174878197	-0.9275990153492202	0.9380052347435512	0.5189586519188156	0.02643346595241191	0.08311826952649437	1.7501306332675433	0.37717856496511765	-0.5962253311777729	0.3754471316998538	-0.47561792833041194	0.4400441181567576	-1.3022837468080781
-0.9058669957975704	-1.0195300425561515	0.9616183524348847	-0.27743111897779654	0.4219167377412034	0.3297989868659896	0.1219098876421688	0.5444237567410012	1.3254019390641776	0.6405448279565821	-0.5042828935052646	-0.9973264302891122	0.559040822809224
-0.026666463878038803	-0.9011646707499263	0.9591556353505793	0.7560328817118598	0.7113624375870282	0.4495221782623013	0.33760434062561506	0.52933494246898	-1.1586059251250922	1.043044720845773	-0.6951012805179149	1.347600277228669	-0.6333264414705801
1.4484854966223006	-1.1477570297113753	1.2868819621116812	0.5278220591153691	0.4441370365103472	1.0304000556161697	1.3115823158303725	-0.2216481971322411	0.3453449661793638	1.2247338256943634	-0.6328661282322366	-0.36698440282890243	1.430151643705691
-1.2746447221381996	-1.2797583762401612	1.442909031971463	-1.1007789075737948	-0.6882701221520123	0.8460963770113813	0.9382002229202452	0.2608732742095217	-1.0080549260275875	0.2841891286041933	-0.7669129912823277	-0.6903815103657867	-0.5544232527590061
0.5716155447472767	-1.0290657845511109	2.1894537188289003	0.011620843858149776	-0.805041631280557	0.338300812218283	-0.03560751574543201	0.49285152135462523	1.2837122938771235	0.3195793387394554	-0.467341047290738	1.757500956129198	-0.717299876241522
-0.007586391989477411	-0.751212729097883	2.0335897288583293	0.39895524158581386	-0.10003190514325891	0.3827948619037276	-0.1376972193417774	0.06353334141518611	-1.2559859812125262	0.8900500586821373	-0.6151917779896869	-1.3232828577664686	0.5064902002363961
-1.626862632547964	-1.0722099104422709	1.5160967639301064	0.29528614182836477	-0.4497753910346247	0.3389624973118063	0.13883933066494636	0.0022654082809765498	1.3375342453131744	1.3658653847330013	-0.9253644111306583	0.16576264652326364	0.3787274695411269
0.29124639180703027	-1.0702466339556862	1.04063568835805	-1.4398114512498128	-0.7831168332494992	0.2584106047090318	-0.30301679691084027	0.19427636517745286	-0.8822707204367416	1.2991601640084534	-0.7309305185888105	1.0567562142282476	0.6373240218560963
1.2138286146168098	-1.3377310049359803	0.5958737836247393	-1.3747384938767577	-1.182181416448457	-0.20760169836727604	-1.4586546368606126	0.9211811706723004	-0.9669970057022099	1.0943203934791648	0.10106281119369943	-1.4301031853840063	0.2103583761804021
-1.2096856398894242	-1.427458500697466	0.17899668201241234	0.9636554541227423	-1.396470773653649	-0.41813080013640286	-1.583068662418672	1.0146079815094822	-0.9359732303191275	0.7283714148835037	-0.19594036697129702	-0.6752344127839797	-0.6490631664833403
1.6218250904179992	-1.2367460414590408	-0.3527874247082965	1.937962107100244	-0.8791770838756138	0.00977929460438385	-1.1611368372890518	-0.2021777203698012	1.436117211318003	0.796666822905188	-0.35025368041119126	0.22212803606740744	-0.22232293402086234
-0.8151238087212115	-0.8924621205267335	-0.2851497061261222	0.6440231343176827	-0.20733837308213846	0.09349468960280065	-0.8634983595463338	-0.9457926547562148	-1.1887001280967477	0.8498611365617711	-1.1095430051299582	-1.140936606505269	-0.29549642269062604
1.1171944901342745	-0.6488421644365798	-0.42641843990147016	-1.1782608268476022	0.3348850135864854	-0.1804391514671884	-0.5143156634874825	-1.1187510125587439	1.3674784946531147	0.5420558879175292	-0.8440981323298119	0.884038311466392	0.6719001974505848
0.4673413491510287	-0.18031185219179385	-0.8151356626401598	-3.1418002903843902	0.4129159477868301	-0.03622198105416867	-0.6039130524880313	-0.8255045059867779	-0.9686531287378056	-0.2409664673528568	-0.23411566353222193	-1.0216466300961125	0.6252202523153629
-0.4888626257245128	-0.7701770015078527	-1.3253654070149237	-2.077367024910561	0.47841142207521364	-0.1544782107310451	-0.26741191754171095	0.539694504950904	0.34941492034249466	-0.4488982904919322	-0.1216859595068125	1.2524557641910976	-1.5365194156023028
1.0381895955995315	-0.5626481212691276	-1.902494622667368	-0.5923041154659019	0.31940360502835397	-0.302915127070157	-0.23633188312183886	0.39127065891214186	0.8127693783199833	-0.5757440644433396	0.4949772622196738	-0.11202198905593276	1.388785445706811
-1.3464429706175933	-0.8198664464146301	-1.7489666282234793	0.09524718644389406	0.12997094709610849	-0.7365776639512109	-0.4166963922525201	0.7944158313523672	-1.4343885432315748	-0.15212692636055852	0.09943905431554388	-0.20065115790103016	-0.33829650668351113
0.7575081901174638	-0.9017884586446602	-1.3054297753735524	0.14532469690682426	0.3813136126434708	-0.978866294641984	-0.14198920883846056	0.4527080792375927	1.6349028533477628	-0.20279053983714954	0.3464498939017247	1.2492186069397893	-0.11154109919578853
-0.36352623822966307	-0.9081913133983703	-1.0063516336016913	-0.8326098610104591	0.3258771905400479	-1.0043322842303095	0.5170792324724578	0.4023519271842903	-0.6360170953421733	-0.2904742288146864	0.44738981379309584	-1.662868468213785	1.2670276618022607
0.7615228600987717	-1.0880515050369495	-0.008050811901228715	-0.22543116288500095	1.148684884476627	-0.7629436320544767	0.32777269614355875	0.9971646597496481	0.13751369130039956	-0.3490199201747542	0.4523687732269433	1.7133378499576923	-1.4158429962772388
0.16909305035735367	-0.9695961469675826	0.5838527068279571	-0.035091035059357824	1.5529204311645806	-0.20393256102146404	0.048672105762722975	0.5544053811432509	0.041433647505986354	-0.4386236495614288	0.4923147083543379	-1.5830374952811954	1.5054207707487797
-1.4105180765206269	-1.3386806838922236	0.650133917433643	0.6222542199474517	0.35638462058306564	0.3765162332397078	0.8130548448358063	0.4572400393108567	0.6164587786443602	-0.5313988269593196	-0.04592392365114555	1.169340298204479	-1.19978871719336
1.116851464460402	-1.0019276242299906	0.8073155261727949	-0.12665388344637848	0.35931760346515795	0.6192409730961854	0.8554513096813249	-0.5371697247926228	-0.7621652540134394	-0.8472878663369193	0.041073567454811964	-0.058605218380095116	1.3250871652990481
-1.457401734676505	-1.416188586439448	0.6902940986606961	-0.7206601919318409	0.2072809686080291	0.2745007795632826	1.1866177531701958	-0.05217574227548937	0.6386042585720264	-0.35108347675888973	-0.49591861425717315	0.2878346259640496	-1.2572726686439462
1.2675978705296267	-1.1074474300597537	0.3644654910637388	0.06457090832646079	0.0011811527881279114	0.19239816553262773	0.2557263543423169	-0.004590591434293867	-0.2505277557635319	0.6024552979952549	0.1046149216120439	-0.08061560912847733	1.38630130689639
-1.4223301704763789	-1.233301283382751	0.7481656428592323	0.530792824134531	-0.7403820897436869	0.4198461916369954	0.28198119137805006	-0.039396584287746686	1.1116304441143265	0.9563119223027424	-0.18066142739329563	-0.8037061229172123	-0.9433522235072809
-0.029151888941958717	-0.950591054006198	0.4413115100727839	0.18982066816332835	-0.6722628022328277	0.3787460731547882	-0.03639151795895078	-0.40617260816469236	-1.2508434102522454	0.992000811110461	-0.4571179447653472	1.4201239812170159	0.0439306713718503
-0.009618491967298005	-1.1331969837730396	0.2977470658725992	-1.038558770256511	-0.4908226291593473	0.21436956963390852	-0.416352945742045	-0.39503465843891944	1.1158580788470802	0.8865394995131768	-0.10121595062837552	-1.179849855913804	-1.03190836427874
-0.5674875812388732	-1.2926865398222473	0.4838198702304231	0.0890813746446403	0.4684875111733275	-0.18080902643021168	-0.9496183645247204	0.02619594792295813	-1.2140781369824087	0.4341758162674192	-0.4110866816125083	0.4482063812269017	0.46229935451650783
0.7526408836219706	-1.2325292703635047	0.6860455116647193	0.23555720354854698	1.0675646294713856	-0.8805237524011329	-0.2019912966421066	-0.5463891157926362	0.933898798856279	-0.07143624354672366	-0.06544411318482637	-0.437934092569853	0.5353645868072848
-1.5675523914826088	-1.3338822619994846	0.40977899195649037	-0.04893440125634108	0.8620136464872435	-1.4208165212662016	0.9191634384580667	-0.6465548014180552	0.5639777712385461	0.42591951222730556	-0.5548010900896407	-0.19606018267778774	-1.26109444798364
1.7880259691246712	-0.7921128541263934	-0.11144291075577947	-1.2798754348866073	0.8315913401938649	-1.8806499248523485	1.2515183995402304	-0.7838367337418067	-1.2947497992384849	0.3109107439128673	-0.09741777431352851	0.44563180741478403	0.4567995037534149
-0.42508448970501883	-1.2956569330549883	-0.5950306655297235	-1.5358958003589953	0.16303478245131406	-2.408061189358878	1.0127903729707022	0.006512291841100386	1.2374409512174662	0.11794303567758953	0.3545361712590214	-1.5157938241918674	-0.8333719567121181
0.7222231256424734	-1.1620231903415623	-0.9668207404461124	-0.011967193283247272	-0.8843871839179139	-2.288211970198347	0.8441317384980035	0.7268045071278866	-0.3063798020221158	0.013011470575159218	0.5220074022876262	1.337687228578112	1.6068880740842069
0.1068698514076873	-0.7504163259804357	-1.5322462203842848	0.2545095669692548	-1.8560777403681838	-1.9458951026957796	0.6581413789371017	0.645467518379293	-1.1966918875028623	-0.14282494761323852	0.885936149726042	-0.9911590349792356	-0.8628091572713146
-1.2942857753439134	-1.2626777172720571	-1.8228745583446169	0.2900905853112036	-2.066334956164641	-1.4287877198579024	0.6878638861044511	0.8467637267786281	1.363656485218825	-0.2115397897421024	0.5694252036497678	0.772661481728523	0.22593117795844636
1.4287921412882394	-0.7268572060645283	-1.7727363975392927	-0.3077430250996818	-1.4206419024949481	-1.101099109316144	-0.13340665271062693	0.7586283581257929	-0.10795349871349838	0.06484271519269719	1.1469008780486445	-0.08210236415718597	1.544539292963591
-1.4562818427213378	-0.9689729431418096	-1.5773444629955196	0.3718882908272653	-1.2344514977445953	-0.7414150055620378	-1.6076543560260865	0.9673235307434339	-1.3224595670651833	0.4779944634163963	0.8425481509358576	-0.8443911150343252	0.029608423084435564
1.3911251244430012	-0.7624835257914876	-0.8586621259862163	1.4017100158593008	-0.7427404496732394	-0.04225230116869473	-1.733578023437209	-0.07026999341927248	1.2993463344693328	0.9164989160740689	0.7623455100161156	0.635600717437463	0.5018009178945768
-1.00074851267898	-1.1905678889888753	0.01272950089964115	0.027756271706707653	-0.3850579882515856	0.3279458570725958	-1.719358115504785	-0.37631768602132515	-1.3469983666668977	0.8662174004287039	0.027624212748972272	-1.0039330556385129	0.06029248524511732
1.8625730155299685	-1.192645319578897	0.6147074771563171	-0.12148185228832152	-0.12969413784002343	0.780181017493935	-2.2052442517037845	-0.3253631146297576	1.5168390492042763	0.7844262862622895	0.3140819539454067	1.2353023353811425	-0.05102388349374783
-1.0300454065944622	-1.4115738928794308	1.4872084111147383	-0.4894070541004385	-0.2761878154642188	1.29396605391778	-2.457288439971481	-0.19014806941033768	-1.2442805153945555	0.28931270334998915	-0.08345954422249721	-1.4941738345825724	0.6119929121232631
0.6430960623394854	-0.8896759744848609	0.5790372971349276	-0.013958639488407648	-0.3475578251143743	1.4748295131566231	-1.6413725402500654	-0.40468293347241885	1.3500889716466373	0.23170062884986908	0.4900613046736821	0.2974984811298352	-0.8652822356574885
-1.5421736311349323	-1.3465638319802473	-0.2731642460495939	-0.09096402618751792	-0.3046913346328399	1.743471988198961	-0.35901765587063955	-0.13777938267390377	-0.9031641476485794	-0.491333734163352	-0.040897536381788537	-0.2549715569101153	0.9491021143028276
0.7487295783642979	-0.9438482674232045	0.14702771529314385	0.4233293542796471	-0.4186128848032683	1.6567024071864629	-0.3014016938848123	-0.5725774985487189	1.1877299753492452	-0.7387166881205655	0.5147523826487345	0.0012436890052732311	-0.9558797287982134
-1.3391067472177447	-1.2727682213711753	-0.4177736218885382	0.07745622456824741	-0.3928889465820824	1.0858730017549756	-0.22001712204516505	-0.3876309825849832	-1.4720472891529588	-0.41953175431359446	-0.15376008569159902	-0.5355411415104253	0.0046121566804497895
0.08356733486691881	-1.46313758351934	-0.4905404239862624	-0.351924037703264	-0.6963161775071876	0.9329544951529145	-0.011550881497457586	-0.3025969003547879	1.3726640281785876	-0.7523999425608733	0.21316010595406049	1.448136826857262	0.7621937935494831
0.21461957050872296	-1.2229437055471386	-0.14413391214036378	-0.7202733125208164	-0.09285013280799928	0.8692625070415615	0.40232578157364396	-0.6303320513060316	-1.1900551589488435	-0.9122241054992527	0.5174972766338409	-0.7258387215494057	-0.9911819997992645
-0.9407692415302699	-1.4328615838873207	-0.07911097621382099	-0.5855462422437829	0.4081873237252411	0.5367576503892051	0.6244585760833082	-0.07700514197821254	0.3022750828207978	-0.7853263958329013	0.2177445041696327	0.5829242933005022	1.5842345340424948
1.0644771205972618	-0.6255474860464214	-0.056813563635434126	-1.2397754882290686	-0.23681914188914177	0.43694218794207945	1.0783430444428466	-0.17238085598405048	0.6882185021809056	-0.7107884845460583	0.9058419550119079	-0.16015678075867076	-1.1941547654756097
-1.4319071021447844	-1.1169031498976607	-0.5545480289702026	-0.825859415051855	-0.3586691450409858	0.975447773610822	1.1336166734951791	0.5709090383038254	-0.8359512195607605	-0.6185997804061907	0.542321739090658	-0.03892923923695677	1.3558175220567028
1.3173642545925637	-0.9953503728203638	0.3565271456535213	0.625106614325636	0.4682474538416556	1.0968148090504042	1.009006406593383	-0.04943833324944765	0.41423818610245816	-0.5148973135431121	0.880954722451304	0.5625050299134672	-1.5994728929409585
-1.2116345387944707	-1.072655465436963	1.4209874439348995	0.4512624044699153	0.8092539952076329	0.7688912426491858	0.5734281602203967	-0.14536039830304914	0.6340944952614014	-0.1723993928796449	0.2941953587720008	-0.9447865614123926	1.2508435531403392
0.6156887906776459	-1.1726252791174654	1.5403599218173896	-0.38741227465075034	0.8021503214287521	0.42695903584463535	-0.24485400501438082	0.29338762332834917	-1.4322128649343553	-0.05429074025004397	0.5616477706647636	1.7083737081801387	-0.3725198044339976
-0.5545552704349721	-0.7024137848635518	1.1419498715604384	0.08784193505714709	0.24403385748129325	0.008926567820937424	-0.37450433328903276	0.034340361785235356	1.2492087190706487	1.0770613744778612	1.032023097356612	-1.0077712303605475	-0.92172960044889
-0.11512896241837667	-0.9672123436428388	0.7037667761925545	1.0006231177331983	0.6488118644097145	0.09132496178130815	0.19411362727951298	-0.08178354316046424	-1.1638967000511387	1.4631348547538008	0.28485572310497614	1.666190197910993	-0.7101623595521482
0.3031035432009573	-0.7988844691450762	0.21737497263257927	-0.6294777666410155	0.5696845351280108	0.20278309672577371	0.6463196206710293	-0.6826064470291914	0.11344610069767361	1.1103209131689005	0.5633261302448861	-1.218242778526999	1.4973996786664516
-1.3436251161707775	-1.509489423731552	-0.24709038748047238	-1.6263955066749836	0.8323982581586749	-0.4172053492055525	-0.004655536940054109	0.35782319005695634	-0.7619978930848459	0.025219560904437024	0.5963996518686024	-0.20669015252922124	-0.8145103083159307
1.6178169977218397	-1.2696299069724208	0.042306630013104064	1.547160432310396	1.1940018978831586	-0.6306785083737081	-0.8786106738150206	0.07712525582397387	1.3755090352921824	-0.5765424788887257	1.1096954553903204	0.372227915796159	0.06536826752543902
-1.1409853507063092	-1.45883671243359	-0.0059586236654203505	2.7635350124933775	1.4941587131304908	-1.6300009684595187	-0.2976824767642108	-0.7346465171481333	-0.4679875990524187	-0.21914243574805092	0.14656903914869426	-1.0317114054336067	-1.262344553666169
1.6120547189447223	-1.0714184921199859	-0.10279195260943919	2.3538815536983617	1.4157934370474141	-1.858708362757981	0.24435690913471902	-1.611486288878252	-1.0822901591360277	0.14756062863720715	-0.10885484497454197	0.9767514828442793	-0.229923079198858
-0.43372406619714576	-1.4233330213470703	-0.22649569091649094	0.14281687493553738	0.4551998908624355	-1.95513404998504	0.3892100723710523	-1.7190350773969163	0.6645877246635927	-0.02574827836879567	-0.17982543955884359	-1.1755202742983106	1.1707324705220834
0.39688041526294404	-1.480179241660048	-0.12212463440704457	-0.8152597003699097	0.42290056975825324	-1.6422739121694903	0.565895482841164	-1.0522776365038047	0.3953466557516441	-0.18734773203868066	-0.13115572442848464	1.9285705960121704	-1.3673357616478763
0.45397373324098483	-1.0023816881661332	-0.3055086680186677	-1.3926632672270638	1.0999379133293585	-0.8984367456428787	0.8144244720395512	-0.933949985213584	0.08538281610986066	-0.024215323513814807	0.48851110005412607	-0.9790289460826558	1.4350793256189451
-1.2368079879600566	-1.4318531839555015	-0.7449899149029944	-0.2686991881466973	1.425336755180606	0.34051986478341706	-0.5386869313783782	0.06443718515755187	-0.7183794624599878	0.4320006732782122	0.25374722902431057	0.6961917377121652	-1.2945023967382279
1.082737628379015	-1.0332913479501686	-0.5362688779408163	0.7987302197635118	1.7074725139895295	0.9559506265340787	-1.542391572824929	-0.4677589858908356	0.9470020522343411	0.7198223013040234	0.6504156627334061	0.7617106435804005	1.1041709897976961
-1.1491286118356776	-1.2097954685055312	-0.5342521113855797	0.8441417367905509	1.1915348228495768	1.0187577213742465	-1.098392173583609	-0.5489315723550059	-0.9203753831788095	1.2523883027910006	0.09609183759325077	-0.3430803097382018	-0.9900187629994003
0.6986669843589763	-1.1822369350782729	-0.40594254305239	0.45477725545273984	0.15332066840662684	1.0457589052668572	-1.0154496162805662	-0.4481465238453315	1.423098984402761	1.8429109411514428	0.20328389438323427	1.6883507001957037	0.6058481689109433
-0.3648680563515639	-0.5224175718294732	0.18187875597230882	-0.15234845393590427	-0.5893941972432873	1.5664962587223035	-1.030633631570108	-0.5713491803501175	-1.3738495490402896	1.8985038143337765	0.20310725225605195	-1.4200856398017139	0.22188657958602626
-0.08425713670215094	-0.9246905284641718	0.3021044386747482	-0.5184132915419962	-0.04259796146402182	2.3569572626761093	-1.030895712372284	-0.059154622082213795	0.1233143914226379	1.2031280320865383	0.16935615282828376	0.7685058856973449	-1.226794195204576
-0.2015830808538542	-0.4026440408516481	-0.07143869220545382	-0.4995972450008829	-0.3682809994391443	2.540102064669251	-0.9711077624365092	-0.382006651756283	1.575043328286432	0.8940919174816673	1.0094967875773209	-1.1188301881951392	-0.36917918042007714
-0.035219962471545525	-1.1952160788631958	-1.1011605127587312	0.1737042320630056	-1.0718179615239072	1.7146820950130228	-0.7660005431165253	-0.09816712900629734	-1.330546649550213	0.4316487018271336	0.07072356793775385	1.616186618554007	0.5288835109351692
-0.2698834414518796	-0.5477758065568922	-1.7802796577933748	-0.3882234197958635	-1.9489298312149843	0.9259955556213019	0.39412606773457687	-0.8259496234176638	0.4120966326497128	0.08374209710795728	0.632971237897922	-0.9235119553515758	-1.6010179853066375
-0.9718053684020975	0.3228236678148841	-2.194792743421564	-0.470287229522513	-2.4783316808450087	0.707759308155264	0.8733645200516585	-1.14314192467929	-0.6362049473776968	-0.31402498337771106	0.6071802994778449	-0.7290430994569261	1.4834496455275845
-0.8960975619463367	-0.15854244794012293	-2.0060375327051947	-2.08964785558654	-1.6139439051731983	0.43609200028522743	0.9014668315720761	-0.3318123015176392	-1.0294576331108507	-0.8560172126015817	0.9397925122116486	0.9962809266255045	-0.644564801379624
1.0392336563174056	-0.5310128678481939	-1.5982450558281591	-1.4067864735109634	-0.29841111691187694	0.05965128597653029	0.8334836029748119	0.6938650398717694	-0.44620419443409115	-1.594525214585785	1.6017995687140387	1.008241881758856	-1.039940453075665
-0.8045744063801964	0.06604957182122329	-0.5349820178740162	1.0023199153684406	0.22221048154047535	-0.7061326082285487	-0.0937604488455979	0.6503094118071507	0.25166137862155524	-1.7429644578446	1.892108934595481	-1.9054090882985955	-1.1769308162435936
-1.947974218182347	-0.050695697609407654	0.7037639047066967	2.6400422296535884	0.6792030995637929	-1.073790543564045	-0.6710192545568749	-0.18022115260587823	0.31357665808618557	-1.1955043424301324	1.186423212005088	0.4503734119319641	1.3883506844521163
1.0033398326064993	0.3611638246917129	2.3830081497815017	1.2761637460797983	0.2870129709486076	-1.4793564653144209	0.0896651362822994	-1.1537866503283631	0.46543784734009325	-1.1341028391464247	1.1027810012884673	1.0912151491845468	-1.2546649574076383
-0.19991756377018136	0.43664166367509827	2.483325339111694	-1.1583508398212428	-0.17963410235424518	-1.8574103253506857	0.35498033697658865	-1.0688056932964154	-0.21389606359625457	-0.9918417014571879	1.194943522840572	-1.3228030885188475	1.5052789920053082
-1.5467831244173194	0.00934776617038738	1.9911091448532405	-1.7781481446190823	-0.3225028305569436	-2.182336320240538	-0.7226323935633625	0.20945643394283459	-1.2186491796256824	-0.9440826729604441	1.5564715556260795	0.46117294426142796	-0.4888256436042082
0.8957666152694952	0.521988062819928	1.2222434963286708	0.47278530033738736	-0.7809211435677963	-1.345185889006407	-1.185771740318919	-0.20711696364467444	1.573254988843997	0.307600858032946	1.916724932956768	0.7850056045591413	-0.47485862798645995
-1.5509289957069137	0.46643327344277213	0.5897801622601262	0.9295509713795354	-1.1637252343200184	-0.20738112102892048	-1.6950100682178917	-0.8399556063054396	-1.3551328905707767	0.7563102672699559	1.1286146381900268	-0.823639912058574	0.22964455664630767
0.60193654280345	0.41392505144867664	0.25170158485064925	0.40546288126837554	-0.983706769638012	0.2719009024895326	-1.8541764783452275	-1.0585319162700957	1.474137988612816	0.8128822354481281	1.0903176806654342	1.7866128319791197	0.2605982346255069
-0.3988765982039892	0.6612038755835599	-0.19187606163632923	-0.6821679810345231	-0.8151601165091422	0.7492697272186508	-1.725655364085886	-1.3884925201996248	-1.4417217083822491	0.8771493151321554	1.0435676600143988	-0.9976059396736284	-0.2948924429251972
-0.8855597996813651	-0.47755874279933697	-0.24394254384439837	-0.47042497660385385	0.061411677565324584	1.1744959874791445	-1.5458127069347882	-0.6237475031876857	1.5112252987041446	0.7661065392717823	0.8060222527801515	1.3763571728733963	0.34206405577461463
-0.1077494942830782	0.9187220755229811	0.011511548102227513	0.17738310237602006	-0.3513388889613275	1.5226161001730616	0.15568560284751415	-1.1565595192529354	-1.2247512817824897	0.6116026520494902	1.311112407290265	-0.5174397062308279	-0.7666451226978319
-0.423622287443485	0.2520213788173195	-0.18034318023125737	0.26288969258624456	-0.40167233550659975	1.4275197303839375	1.028280156363623	-0.9038859753651929	0.05365540120440826	0.297698023891171	0.8447281909652343	1.5634669533893752	1.6508915959888555
0.16859993334232268	0.8297276523423662	-0.05340846916045191	-1.2008425866592043	-0.1912380549609079	1.1515843010034827	1.5469791692043884	-0.8110523195689953	-0.2501688824523773	0.5266825714693861	1.4495114377423244	-0.8939173349456148	-1.536961940700595
-1.026836872184413	-0.07900616842705935	-0.3745768503739516	-0.37331410677143684	1.4902006952448719	1.1912985005386478	1.0624575284584732	0.14118231314926938	-0.48584661298776327	0.00800982196788613	1.2611001523652963	0.8885833069588	1.6294614160241494
0.06343154787626262	0.9291596895976085	-0.382493453136277	-0.12147317167723093	2.3146422295862297	0.9868550748967425	1.444191052429134	-0.6199829579607931	1.041843363396044	-0.2969071756538936	1.8532589414333067	-0.5620399075549003	-1.025899835362635
-1.2613969045102038	0.5121075731570834	-0.6571667312348771	-0.13894762007792438	2.8735818279227763	0.371814696445459	1.008148183944974	-0.5032707894290698	-1.5184172489365173	-1.0155370920861704	1.0983007768242194	0.7911125219819992	0.1279271135939178
0.21480913968495602	0.9040630776267286	0.007239578736735955	-1.2572388972723347	2.6728592016743273	-0.026842356690811607	0.9474655559684656	-0.723691121017212	1.5240558973904277	-1.3818393550197252	1.7606402326205435	0.0018632718752736013	0.5988283356183102
-2.2656514504143375	0.00017727550361898485	0.23462904266465084	-0.8272849102063679	2.7398040181072245	-0.4561886442053098	0.1593652342030059	0.03583808459711761	-0.9630681089951664	-1.6775106679020888	1.345152470144915	0.7480454715871678	0.3814903606820331
0.9510552218517563	0.5021506968560033	-0.039437441299487466	1.678507905650631	1.7353825689269118	-1.1940514478418065	0.02432760313711836	-0.2780824586458303	-0.32642241677324463	-0.48240683155294944	1.8804465423525318	0.5045351372166984	-1.573185637810339
-1.8281685160471444	-0.2089089665916942	-0.7057454453540286	3.1649518684056788	-0.9643451467139783	-1.9665981046537837	-0.3165194762788759	-0.7680111441226679	-0.10764901992708446	0.321341158287677	1.0969395099015846	-0.711607899790601	1.354519902094776
0.9747422248006742	0.04814344511049049	-1.0008840222443685	2.8199503279422875	-2.167026206334782	-2.299804182482043	-0.33185245480398495	-1.7021082981800286	1.031205784252584	1.0702010507345403	0.7624287497274836	1.5833349301988213	-0.10876598535487189
-0.6972951399830976	0.2350218171774508	-1.662918185985908	0.598381965695882	-2.6003849380785033	-2.363647163347749	-0.22997507713224052	-2.0395995063244565	-1.1921546611649319	1.4396939540332876	0.5474498584139158	-1.4114747656125448	-0.9252537106012628
-0.34296012599377484	-0.46895859938153195	-2.015148947903327	0.23317507115465919	-2.0665995690931043	-1.8862677712814628	-1.3065022127169899	-1.3018953778697206	0.9334058672597147	1.3391472224260814	0.5638063903142094	1.166875539678488	1.030883442465677
1.12049208765993	0.6514555267126976	-1.2343979978059874	0.37001235512628805	-1.743491599607517	-2.176972451595786	-1.057690169305802	-1.6438506266115425	-0.7451658174149267	1.349510396500355	1.0728495645654963	-0.702645435765594	-1.3086532953478982
-0.847758704082051	0.7001336782412502	-1.0726861559836447	0.3531675805400261	-1.8332466338758027	-1.810787022940818	-0.96567508575283	-1.58977387905118	-0.9598688937043776	0.850812653828676	0.704109516026624	-0.27640943917207295	1.2181377028450522
0.7595789383168497	0.679200249481419	-0.9836424264412135	-0.64128249152167	-1.7982552273730232	-0.9898071056460012	-0.4236211611931819	-1.4104360450334819	1.4897121537886957	-0.22379666816650282	0.9998211036446807	1.8214943190400787	-0.407894793999709
-0.6189063936926502	1.0935292164048755	-1.0625654413360772	-0.7594189417907556	-1.8985911604455845	0.31378452788931316	0.37081281360288987	-1.0039014227659866	-0.7446601135171844	-1.2955468366459761	1.3321955120235687	-0.9600348804762523	1.340181214452894
-0.9971180782127577	0.8707460304482818	-1.1059711725371666	0.28730227672600805	-1.4775986274146315	1.60692217374905	1.2012726879029407	-0.6954375266634197	-0.14769693974886805	-1.7846039046813806	1.3801632273321123	1.588146597611205	-1.4773460231823994
0.9926280005504474	1.4930095076561483	-0.7373362817876412	-0.18819593022135073	-0.7441523312669243	2.304996855600881	1.6738018554712855	-0.8868483184057421	1.5152398520610768	-1.4718281917522105	2.0003992282086447	-0.16214795427602283	0.2549599920663355
-2.0270582232118124	0.6527289559214061	-0.6847360178989743	0.36855800147838125	0.1212154713906685	2.9497572698337238	1.4649666015515466	-0.3361255715767975	-0.5856610939288063	-1.2718010214676625	1.5632946969868378	-0.05517258667653278	1.4712051222160214
1.0133956079726119	1.4357071251752584	-0.24276627932571607	0.7164166576368475	0.7415983705511815	2.9582553883154468	1.3491194769588888	-0.94672389629254	-0.22322802464734617	-0.8585171533272254	1.5564038933381186	1.3752119395834415	-1.5472427644445752
-0.45175191519960545	1.471236221959694	0.18058717415391928	-0.2953131990192279	1.0187995030236368	2.333372822729428	0.6812142582588127	-1.383969632645037	0.8423838527217128	-0.18662126997281217	1.5512069989437134	-0.9977603059408579	1.2578137273207124
0.5552050958089587	1.0404342175282284	0.004200506280446307	-0.5946148716119316	1.572669895421868	1.3728470999178362	-0.5059260194328623	-0.4486508372909982	-1.26885325730442	0.16564265961487842	1.6430169255410865	1.7502101027360508	-0.8466016091241618
-1.7005458425443205	1.0367443937953806	-0.9188921804561384	0.20937996092570868	1.7183798042273164	1.1293133093217476	-0.73295186527107	-0.5371020187678635	1.5705571746999616	0.4583089827179278	1.728912509195722	-0.5521435760976724	0.4559499760032534
-0.28598693626381744	0.9792078205168219	-1.269608126108895	1.1253525999205671	2.4365295310334343	0.792924795242362	-0.14640898279621534	-0.9470376355709705	-0.6919490366517471	0.5756895449337041	1.147894720588189	1.9032753055092384	-1.2160403114321272
0.4988560610445146	1.1265448693756352	-0.701955066715156	0.43650254796412435	2.875451024025048	0.4397294526611256	-0.36888616091606513	-1.8781584617390017	0.6345170740593578	0.5804219283231228	1.2079895438717627	-0.9911412852617028	1.4181986845224157
-1.6136972835859758	0.4233098175019471	-0.27753475830978636	0.4051644925434066	2.594658684773047	0.04070376294973006	-1.2507229927929464	-1.555235678570799	-1.108899646155489	0.7895835157148726	0.7756494223382301	0.14034506927312712	-0.9304121593976
1.1999164420877277	0.49438260316531324	0.446098869474736	1.2364848719062258	2.008127672427741	-0.3904113155958584	-1.248178455318069	-1.8867826457607542	0.9108104122630903	0.667821568244958	1.2129150981203052	0.8148135701070377	1.0467869648883246
-1.54119189113307	0.6176297899336101	0.5696761585404272	1.2214205167404286	1.2800351399034846	-0.4809372758613276	-1.4199182430092117	-1.9308385364916363	-0.7104156943917507	0.5520047409112929	0.7851906560375225	-0.9231299964455649	-1.302435665606669
0.8344114718204896	0.7545723866314287	1.0972811390077655	0.9494920042786483	0.3019140244898462	0.07698251310270646	-1.7882953057461546	-1.85607590137748	-0.10630408880937073	1.046157024639205	0.8991332987138662	1.6491413381482014	1.5139918232124447
-0.6786406571384888	1.1822312167338094	1.198138392718906	0.3502996577564452	-0.48634214634581585	0.7726992347977589	-1.7106273167558939	-2.1720434704817806	-0.06821899985367706	1.3281287569566165	1.0004380377600015	-1.311734326993342	-1.542206003518359
-0.4459020713488409	0.9309611519186801	0.6264182891077729	0.2684900402541632	-0.7904258816154129	1.3330114039613357	-1.6077245793159782	-1.7751249991768034	0.38792058741355806	1.02481186656218	0.9064632014925231	0.9806064080630369	1.4347285572450637
1.4643941284619446	0.8586851074808091	0.7295855055535145	-0.6136989854698779	-0.9000433965052322	1.8020797899741672	-0.8625560291144662	-1.3450139388133913	-1.4086665380065515	0.10344138054247848	1.3536447678457224	0.688998147046892	-0.0457633360350907
-1.0997330382394364	1.3197294049826667	-0.07669558062223453	0.5391966474271698	-0.8984211176100375	1.0328549660070458	-0.38104547372244374	-1.1385037693837137	0.07369462130196826	0.2855422620361711	1.440837523356423	-0.7565820782807582	-1.553634154695546
-1.5549767245424975	0.8805803402811881	-0.5618047797726443	1.8341107038987035	-0.6077844762456176	0.019361800025740714	-0.8922519307681949	-1.1988990998662712	0.3173684130381892	0.1783739611159199	1.0017575584319605	1.5397800334324803	1.4312245064643614
1.6523656933669	1.2968290302574739	-0.2631452053680695	0.8815434145975614	-0.5790345270682048	-0.392157247722906	0.4286886190886168	-1.6312902981349946	-1.182632942693719	-0.2913535173880573	1.5254636571329139	0.649302291354689	-0.8131651966509127
-1.2956652182334585	0.9016567364763752	0.4499473837491046	0.4745692608685137	-0.07195813290537213	-0.3527519908110056	1.7806984750096473	-1.1616977981580487	1.4905183225339456	-1.0706158967344455	1.3209324501942492	-0.3415487835803127	-0.4412690686678174
1.146280101392569	1.4086757554619556	0.9392419373895751	0.3212054784274943	0.44328779047995454	-0.21858607753616757	2.4644987224656263	-1.1920724583791986	-1.4190374087803166	-0.8285931785318436	1.5772795935835036	0.8419586993227701	0.3779972058456672
-1.4452927701575702	1.1882647357917646	1.4482245409691725	0.6915424743426628	0.0519439942982641	0.04234681953972455	1.6456664249790969	-1.691775791696558	1.4261783871249656	-0.6775656445107374	1.4039044302425236	-0.8680661911016606	0.0802428494466858
0.23922437440142316	1.2216010868372673	1.8943949371434357	1.3067248409602539	-0.07673391553866511	-0.22398987409308072	1.2520988653543605	-2.0860919773659448	-0.3265475824141906	-0.5050152851684887	0.7462573328501632	2.2562584283971514	-1.1223011205829514
-0.6936674046750055	1.507971726200106	1.2329625443114294	0.009419855291563658	-0.6899670174829367	-0.6992502708207483	1.3704153279958784	-2.5124320479686433	-0.90836751471694	-0.04026687234798309	0.730077924588828	-0.704468338739606	0.9602530304011843
-1.380597347782405	1.0615636224695726	0.40867454590215163	-0.8605936689264923	-0.3142340203317219	-1.4306798322662833	0.7930239599842237	-2.025783723853745	1.199710526807826	0.233410671024946	0.5967830910482027	1.3481012885914756	0.577508674775554
-0.29513392738993605	2.1508107876426186	-0.18175619126738007	-0.8760373445862286	-0.477462308248115	-1.9735991154077805	0.801922524724898	-2.134115300745782	-0.14800859244200942	1.0064640048173112	1.4805312809996092	-0.05593127052577153	-1.2868205421408758
-0.5587572194757363	1.6975961297723157	-0.29870110719937554	-0.4780944768566568	-0.48419219471967323	-2.0244715452860502	0.08384539772985307	-1.5051314563226834	-1.3903716181415398	0.9940375565724621	1.0853566742941727	1.6763446329441696	0.7382761720919148
0.24588358622811315	2.3033945563624716	-0.2888809513558343	-1.3179450027485826	-0.8422027392865062	-1.731122814495753	0.21498396439135933	-1.7493006393384238	1.6161267943478816	0.9296177047076707	2.002818575031551	-0.12671667789926894	-0.1490693868963881
-2.1585456263852216	1.7816107662955427	-0.6860269029472533	-1.0735151590026921	-0.6614730870501413	-1.0542277580530435	-0.465372019620224	-0.9006306301559559	-1.365096627657387	0.45283083753128495	1.8555593333221994	0.4183573737619742	0.6148601748038826
