ICA_00	ICA_01	ICA_02	ICA_03	ICA_04	ICA_05	ICA_06	ICA_07	ICA_08	ICA_09	ICA_10	ICA_11	ICA_12	ICA_13	ICA_14	ICA_15	ICA_16	ICA_17	ICA_18
-1.0884023254086521	-0.12676015818944905	-0.45028357752266795	0.45840371850999007	-0.09685373281596726	-0.7459622784093853	-1.0870966071333341	0.7096425871025216	-0.8871124395934857	-1.5923134034070594	-0.4805916890355113	2.7196551313744006	0.10281316590406792	-0.7122196046081894	0.8004819696884621	-1.42196018721367	0.3495573191052524	1.3354610894427072	-2.143012356868623
0.050230885190549954	0.07872264732995973	-0.7315404613316118	0.3397355251113042	-0.38290317099840704	-0.8704216923569431	-0.9927820928141413	0.9462315983290963	0.5279354208676013	-1.5110288062001391	-0.5483152395845048	2.7934973510430012	-0.15071195955236105	-0.22090140388388677	0.6449328200320242	-1.6230195600350972	-0.3374344246114504	0.6403642513582374	-1.8787484863709156
-0.43246046435209856	0.6901754377126562	0.7803858827276845	-0.013900497620563725	0.9675335807829524	-0.648097581209024	-0.26334521921844684	0.7613187796159774	0.9675550547190657	-1.5017606950484816	-1.5852456598743754	2.6955739720193983	0.5711895910344081	0.3121346813753273	0.9074281038252338	-1.548572058467691	0.9258707164296718	0.20475060507459647	-1.352698910562514
0.09178020336455467	0.41679813468259586	-0.7221115590291403	-0.8100431343392174	0.37619055062865814	-0.7623248204175886	-0.21365035635065466	0.9223906196359745	-1.296619020675755	-1.4148100871365639	-1.4096901582458723	2.836904502138056	-0.19376267687504864	0.6842657163439577	0.48122992641918205	-1.951798108895145	-0.16183928052670057	-0.04004411528425328	0.6558297681659562
-0.3772809268046648	1.068471298752756	1.1839206421442239	-0.8760415400847231	-1.5059290177056623	0.3702232349138092	-2.134568661681629	0.5582620130743203	1.7968125656132339	-1.8810482662139019	-1.0562056065695344	2.5161600557611354	0.12419863300988171	0.9303798006192321	1.1753761783378693	-1.7735568122144272	-0.5191549206351608	-1.2401916634336787	-0.18186006035827937
-0.8991382140261712	3.4196689171815087	-0.649454892288073	-0.7345896821971771	1.3582412565167494	0.14553798153125516	-0.8039071387483485	0.6610344725378952	0.99950542133062	-1.885666535108369	0.5854650321837799	2.627777582682526	-1.411553813296089	0.46090722039171067	1.2986971308011035	-0.977004364550169	0.37249748149748396	0.10070009825803211	-0.9690461830509501
0.7007908252249464	2.0866648196407347	-1.5027058823417894	-0.73425153719862	0.37931441395984744	0.8992480574911258	0.39752225077293485	0.22292837719247152	-1.2261739394326492	-1.7798548786866202	0.9850094338455773	2.66057498561467	0.8973614205195474	0.2582154166262874	1.5298370922885431	-0.5974759156719925	-0.738478996487497	0.42696878429512447	-1.9206222918286409
0.3423632532321618	0.9254321307745302	-1.5629640092204558	-0.5772369413081285	0.32763728791781915	0.9219472114429407	0.046335622604543866	0.38310870231559013	0.6052398213848178	-1.8838515886552027	0.4645113253218999	2.5128487170091267	1.8985921773173686	0.41242820284882525	1.716388020299121	-0.4851456436623527	0.8353422336408531	0.24290925390643375	-1.6519951833880466
0.1583164768662261	0.9438446244406192	-1.6047750940247354	-0.7107470055473163	-0.003842030372927662	1.3948698317788588	0.07072275080577285	0.09468621754366531	-0.8362855123569264	-1.5114891191555793	0.17002869678745083	2.6472248424503224	1.3755589598547113	0.5040936354732902	1.8968760018421371	-0.6478443641789157	-0.1854623800434979	0.6116549816121324	-1.5900030848446687
0.02306307310659084	1.2137300286186756	-2.0711755498065294	-0.7552469340423017	0.44035610312190415	1.0833744017951348	0.4551946708246823	-0.3641007319133588	0.7337971936455755	-1.6280219948787944	-0.6199540593701437	2.543251529966981	1.348649231611956	0.9062630527481365	1.6478402724032974	-0.743411190802023	0.48662408151615727	-0.34793901825140466	-0.8045275507498334
-0.9522099707515689	0.6708192581926103	-1.793726609303183	-0.5894944276060059	-0.24928391905009017	1.578378427454644	-0.2642521039377937	-0.6149475763161424	-1.794487416124229	-1.7353673940138852	-0.6092160490549914	2.4139403945237046	0.9422667432383682	0.6618163336939195	1.1064704848533835	-0.9940994582218752	-0.15886197006538774	-1.2641208044587267	-0.32106045369679176
0.5039182060864824	0.7484977347501707	-0.23862558091226097	-0.31021867910832396	0.5424738579502724	1.1777661236897425	-0.4615743604491261	-0.10260545466283236	-0.680234213393657	-2.007647208075261	-1.180416797238967	1.8069121297697266	2.0611305949192946	0.621964003962446	0.3186348163512468	-1.4157782376421213	-1.620304181016424	-2.100738577057673	-0.3108279039985873
-0.08823254537240512	1.1937212055479938	-1.3151491881670434	0.5065887416593362	-1.3601242285060404	0.613002773799324	-0.8155272394901264	0.02182253192457051	1.2795040155130881	-2.031852224650621	-0.8928759801642092	1.5818270920564874	1.0729338160872162	0.2148784090903995	-0.033073372043758424	-1.288801950653404	-0.5937736744743137	-0.9499468645004004	0.2688286747657742
0.21955560270381033	1.3093205821821003	-0.5977786747312591	0.2656943802914521	1.699303626350004	0.661067073217663	-0.24431482112068148	0.005565924638379952	1.0368872686593305	-1.5596552623544433	-1.4220065026126556	1.3295759358753492	0.59852019174323	-0.9675523301098325	-0.5843150000884102	0.04079150750655567	0.8568014468345106	-0.33079813047465506	0.7198681737663402
-1.583915559243891	0.4594281256268727	0.12072751699233718	-1.090449864018068	1.040489517357235	0.7183225877670452	0.8651827480483939	0.8693199511787307	0.8578014216288458	-1.3624158601065013	-1.0298672462148089	1.3793999512115924	0.48097895051262074	-1.6658453576145211	-1.532412447492645	1.2138689108637792	0.3211971285242572	0.0893648107665342	-0.26713419873269034
-1.5262238770579248	-0.388814122718437	1.5566040924614846	-1.013805492437853	-0.3448506507190021	0.8211031836857002	0.3063730162505865	0.7746838301539397	-0.8116968694529807	-1.0377274149117983	-0.7136885109372284	1.5188986630201817	0.8331919971399903	-1.5422941573674118	-0.5637672587180852	1.9202145043307621	0.1353659122020543	0.9653238044203664	-0.0613537698836446
0.5895611313222342	0.035545927726270736	0.6153590341278474	-0.5670875593464566	0.33170203700209233	0.18822336141724508	-0.505128525070751	0.4112845087278142	-1.3611656809089068	-1.1302924993601924	0.32193313094130416	1.4784033524059905	0.24817394915926405	-1.3675074572504324	-0.0436709941743385	2.340419937747352	-0.8422354384146032	0.8089466570530178	0.5241276367592029
-0.05568453841998192	0.0932537156247461	0.21084770792241175	-0.7768558721218515	-1.321632959541572	-0.10395558960115904	0.5158296138559322	0.21904500413974196	1.0974887787585834	-1.1282651149435783	1.1267472266397327	1.5160740734274658	1.0992443804052934	-1.1358034768962746	-0.739633210550112	2.5286875407932663	-1.4535552965773912	0.6290688576668585	-0.07286610112222829
-0.5073063641460817	-0.7782263963498602	0.7929243477394056	-1.7341034937817696	1.1227850989787533	-0.361421194434173	0.446621672425014	-0.3928623533367785	0.6837194677797205	-0.7399049691636383	1.126182150586368	1.5628792311248048	0.4934889633667714	-1.2542893492495153	-2.0217709844168943	2.440158529610709	0.3884137685282896	0.5568083179338498	1.24955392849719
0.3268138236818033	-1.3652611820876497	1.0252623885851604	-1.463355255109171	0.032656772478189315	-0.8786087661605939	-0.0773975189159368	-0.18295405821015717	-1.6640459339320848	-0.8138831186094656	1.5701728070658434	1.290228899353594	0.6455697608214184	-0.9577817367415337	-1.9674520145543695	2.260031660152744	-0.2782889523053559	0.007647801316753285	0.8624575086311748
0.8506436859234621	-1.2829082410436594	1.5299526148492875	-0.7433025085056166	-0.6302960114661063	-1.5616726794671116	0.04478742443828115	0.9525703912032197	0.818523773666184	-0.9489345958267001	1.5293001888953872	1.0253710502149773	0.4524547684401407	-0.42446548865892236	-1.474763968299309	1.6198789786648993	-0.8928620632488831	0.08463098169988505	0.5686912687741821
0.6794817280901256	-1.1714117925852057	1.8520613274338782	-0.13394961570756705	0.7792594919307736	-1.5665084827165061	0.2881006097975396	1.1397050985919652	0.2911158063720486	-0.754253927587817	1.0922268456200048	1.0507477907047478	0.23964273380181028	0.22000127084103807	-0.4989808055446685	1.040387632154819	0.7976991316152502	0.7805135296720626	1.3819856827196628
0.1783888799872554	-2.249280375047464	1.5935698899004016	-0.18174295745262073	0.07762708564593043	-0.1470434392743438	-1.1495001079094533	0.4677142141665963	-1.4194714187836455	-0.8222519758216372	1.54387200348119	1.1986435464861271	1.459957474011517	0.8881898917033392	0.5751032786753177	0.4385072180903872	-0.43096232560198056	0.1849850883903541	1.9772444779411669
0.1747321460724789	-0.4645934787583343	1.1353673933277026	0.1549431433278572	-1.5831356298942474	0.5812044735013128	-3.471461483172171	-0.1418331501997957	1.5464021032705733	-0.9588706972804744	2.3298648938107998	1.135330257920128	-0.9432443071262485	1.3249077917583494	1.4880577652102416	1.0090670371045778	-1.0476581007645605	-0.36366719544361487	0.9853834981686616
-0.13243378397144756	1.9931526489098428	-0.16092686904801215	-0.08598697393496986	1.2588369609410923	0.7195907254667016	-1.9007382359590697	-0.34108858102890904	0.8234052394963703	-0.9885195901288959	1.600305993194983	0.8943709483723871	-2.2421237304436605	0.729942886049503	0.31853333535332606	1.6477015768778103	0.7399471960030084	-0.46157255371034633	-0.2385803256268973
0.13284931598035915	1.4368712738140736	-0.7324943009343315	-0.5522059835830345	-0.20013327892416244	0.12323169887656286	0.23439260647903562	-0.47169684093415487	-2.534348126899189	-1.1786534331484713	-0.5777474641219257	0.5941404927315165	-0.7801239673892587	-0.8025026279680069	-1.6009980420158962	1.8608590582587883	0.16526682220438763	-0.3704683816126452	0.4754976382536351
1.0902682328322804	0.2984892207646316	0.09297119831124945	0.08851635662544396	-0.24261410319396529	-0.8568613653281888	0.20585504062399496	0.37151049745969794	-0.19728060966255195	-1.2884855535122621	-0.3447654186373734	0.4831382100898172	-0.4641355896302425	-0.6926990049219373	-1.0606455700808335	1.4603736328021346	-0.933751612792224	0.2927087040721833	-0.6060829396872276
0.9230733418155965	0.03840159934377676	-0.28716752752509994	0.2963834552972549	-1.6956421662612073	-0.8935786452735911	-0.009839343728085544	0.8591513166083856	0.15172659758802784	-1.3526748279683087	-0.5617869885552056	0.49797805084373337	-0.045011572949807815	-0.37161274111880344	-0.4462437463106167	1.7637265320337272	1.0003572177414255	0.7869417520530935	-0.39025009746323625
1.2349461148909533	-0.15223441679621608	-0.2369095394403384	-0.2997179300105798	0.17912395637238346	-0.7594419120166738	-0.21639701154864	1.010856804288339	-0.01440538757467048	-1.4306321484785443	-0.6993926677420211	0.4094182137914842	0.4149160681403218	-0.1397606527500865	-1.0918063030721932	1.9435248300807142	1.5110360339569386	1.1771151704306824	-0.1798159930031712
-0.4554271675980507	-0.8116962360404063	-0.10905289244179722	-0.09416461900397399	1.4590029424915116	-0.8780632640693535	-0.6202272440679053	1.2303856560920083	0.15757903807544282	-1.375938196131404	-0.47948460061460724	0.573630493790382	0.7932996496092402	0.8080443182762437	-0.8277557963655656	0.8343666656668141	0.5343993621270076	1.5055526754391861	0.48048809023028627
-1.441418808274321	-0.48104999511444857	-0.021593097565820594	0.3830641281211708	0.48450396894448977	-0.34479536003242844	-0.49237933737052797	1.1604558855121614	0.00010507649884565513	-1.1717788428117453	-0.34659766929859254	0.7703570551900697	0.7424988141861694	1.4322119436021008	-0.3931064031890417	0.2259586097328754	0.2009234737138466	2.0650649581993603	0.6060065678945513
-0.5205798291564793	-1.770296987290078	-1.0014964693191557	0.654679240794472	0.08602707642820907	-0.40325076306212904	-0.9608541189179012	0.9544266649333962	-1.683086835496331	-0.461967071369843	1.1163512874612178	1.3178009955902112	-1.0843966581598976	1.6503263530537287	-0.28389523831821545	-0.16137496077504443	0.29409557521252633	2.6149709497561977	-0.18080840445526014
0.8441831345708758	-2.422402003422031	0.28838466995179163	0.7368970128823409	0.8872523112259817	0.1642612032591922	-0.4735110748348102	0.4553708515144241	-1.2743104492063966	-0.005550959464588639	1.263960692390552	1.6906865726271112	-0.796155056563189	1.9220999961541894	-0.31632970524292325	-0.26521779568446785	-0.5719396380777004	2.0622685671303578	-0.7786823139502524
0.7832804533030276	-2.066129369086694	1.8578192834096907	0.7592998473968651	-0.5100963786593127	-0.37444727588993676	0.5234793977885214	0.3865419353305946	1.045414344531941	0.22893696311018571	1.1218994083112372	1.8321286255483544	-0.32794651369195565	1.980802617489856	-0.33836480601154817	-0.061040692682187606	-0.4780308426993735	1.0526637862842783	-1.0067424855679896
1.2038169382004948	-0.7779942145208012	1.902208953088693	0.47530253435208336	0.3846762798608584	-0.6603498580346353	1.100124271194841	-0.10681745805576148	0.6009484668833639	0.3870129305425029	-0.45373442427482596	1.9003894217220632	-0.23457650274436495	1.8848945607663885	0.16521408846018476	0.2032820331429783	1.3034936029733193	0.2949738025674651	1.2703047395215585
-1.1260432026150908	-0.02375767242049649	0.8177163641107934	0.8207458534908395	0.8214022973162302	-1.1828928377133423	1.2871907407494307	-0.31498972684051474	0.7210737363723828	0.5100084936247454	-1.0054616401543246	1.9894767512179425	-0.9161480812555424	1.8057723239375025	0.4445345402856847	0.8368980868058083	0.4597228709218536	-0.6403795668339841	1.416570990077002
-1.376147656645656	0.2856589232802446	-0.0641697754717657	0.6800314722827661	-0.1546628538673392	-1.3758600432731596	0.5825578333961569	-0.549525125004672	-1.6404821443696478	0.2865646902048618	-1.2207092842363125	1.7204290459101268	-1.5710496215961869	1.4441329949465207	0.4287768096186628	1.3988397580300564	0.4136269125336806	-1.743478114614902	1.0424468953619446
0.1707246436861863	-0.29137523760477513	-0.6136203952389351	0.7899151063933909	0.37214809466492565	-2.065347650698501	0.1381822190217339	-0.017305997419490748	-2.9171443263480685	-0.17496529127727414	-1.5379916236750324	1.2694897598257582	-1.7072517741443545	1.0697263743262295	0.16351675321843331	0.5533043834322545	-0.30172961536403836	-2.2488299621165906	0.5178588331645844
0.5420863794112672	-0.09016378612880417	-0.9309735270255259	0.8472403681755857	0.515285555412275	-2.5270546508076364	0.06519888750435811	0.6254153617200133	-2.590731914163645	-0.585451976687781	-1.1798429296027126	0.8580118595147247	-1.7499632839499808	1.0314561082481444	0.0955840444023534	0.17366449813773774	-0.754257380235775	-1.7940655719860914	0.06236629183790694
0.9487101997067252	-0.3198318929205009	-1.001450830484843	0.5412988141277532	0.5990549944063154	-2.45332498765195	-0.328422581030392	0.2491444070230628	-1.9589689999996778	-0.9864189870016408	-1.5452698365637014	0.4648768216940708	-1.479033475830337	1.4148316263762861	-0.8711545554068766	-0.29260174741383976	-1.157360656759515	-0.7473147495528367	-0.6182900479985799
0.7098658861020618	0.3993203095012449	-0.32749121238790224	0.39665134446249745	-0.25165076280605764	-1.811768549249483	-0.22211438694136376	-0.1568772867977389	-1.0189415036673215	-1.5500004624320496	-1.2703925951275736	0.07584556739551702	0.9929914205178147	1.5432816819171824	-1.6279931043192364	-0.13638125314797017	-1.6140608066679816	-0.3228537133209482	-0.8345218941342892
0.7924093599155019	-0.6813298570936694	-0.1883690665153369	0.37110910917766	-0.27733631871131004	-0.10947610655461114	-0.3930638511915355	0.32496862671825666	-0.8387554302338043	-1.663869337564591	-1.6306088198838251	-0.09341404446038773	1.5103076021083663	0.0950359521307137	-1.7761297081932246	-0.3095436498591481	-1.7312497343098785	0.2541907764611828	-0.1466764663877958
0.8969222986544233	-1.0449143334390503	0.6029408539408537	0.4917442777053154	0.08487647702035134	1.042618813190058	-1.1217676833468504	0.5500011801736835	-0.09880085566058716	-1.691473932111055	-1.4740939199748284	-0.14677436839454056	0.6266327165783141	-1.5005911302665293	-1.2845944800064781	-0.3928687747660729	-2.3028365036346186	0.15258744073461655	0.04883545139485207
1.2761184478544199	-0.04992718141261186	0.3877296083933329	0.5282260910178291	0.41934662064364725	0.057558355925422536	-0.9495936289482393	1.3475085827600053	-0.21469248393923518	-1.5109017446609634	-1.4727913415182647	-0.11600326092388435	-0.17309136106740391	-2.226557986442556	-1.3177199999908908	-0.48281068934730936	-1.9895825625655859	0.7966962418899711	1.8346945362950315
0.4845773234546699	0.5117274324103438	0.7267192368884047	0.8749562811786854	-0.8663250422638648	0.6543088800429604	-1.4136545119638777	0.8477402782106316	1.2120327327780813	-1.5144342007411022	-0.5221965090078666	-0.06428941124597633	-0.0798751309182852	-2.3778456966836927	-0.831304174818998	-0.7777238933129942	-1.5047803967710502	1.4764540720046726	0.051239814143432455
1.03054132223578	1.3284590476961957	-1.1350291408497428	1.602443400331866	0.4361307043626047	0.3212869034168205	-0.4044285101980976	0.1166616217442647	0.02632649117733014	-1.0314670065574172	0.12985160441472177	0.4401901818955094	-1.0551296553024392	-2.2796563192929864	-0.7432020424200346	-1.197619919406582	0.7889226544319919	2.2615503074011034	1.7319541005990038
-0.4299242128100007	-0.2987830341827421	1.3375005441309318	2.3598378098239885	1.2243965966855348	1.4788351986386856	0.8747699744615584	-0.30250176888988295	0.3559528166666075	-0.6721465333119939	1.1910409041766195	0.7431187521660721	0.43290424473446915	-1.6843350018562602	-0.5447585160646488	-0.9465933779565329	0.7982722155749297	0.4719209752385714	-0.5532883400276001
0.18201396444269916	0.21391302870321877	2.007837286122867	2.571836908740714	0.9264335927488189	1.1215266376266169	1.6887644364306607	-0.35009218896294964	0.4865504159464534	-0.8288070766253391	0.5260736158998429	0.5413632447397895	0.6533780357405686	-1.464699182363078	-0.7063132617724013	-0.5491436230916587	1.0199151153794106	-0.41526173550488654	0.40527716095176364
0.6668252960915517	0.759865138329741	0.7887981760910492	2.5998933642612503	0.989541075784037	0.6282614389965184	0.8299625395151636	-0.6076416794531695	0.6335809964301882	-0.8716650579232577	-0.43348710576266236	0.4468620747531508	0.24858408931910722	-1.6742819056984892	-0.02576322236840989	-0.3574900626329629	1.1390576557993484	-0.677579957421231	1.1950006827975053
0.3005258330352115	0.4799567375225469	-1.0370767136556518	2.7662479755427634	0.9016777792964386	0.0866694704829618	0.9240780009454546	-0.4069829353997866	0.6480915162987007	-0.5708397976992098	-0.6825694406518388	0.5392632218769688	-1.246351891425113	-1.4877324089000514	-0.5881027248659498	-0.6997546133018997	1.454855599106951	-0.45780971346314775	0.9912407822899815
0.3486423264146933	-0.041055964345567235	-0.8237075791201899	2.575290654753034	-0.03851386028590191	0.08502847491125567	0.8137159067142754	-0.3146137846751983	0.5911391040466414	-0.507515962626628	-1.2364432817325275	0.5955056806224985	-0.9953174730715812	-1.3254276125966735	-1.025411431212258	-0.40632439231957523	1.7092195101146666	-0.5091469605835985	1.0094010584007103
0.7252981636779284	-0.5984460669537768	-1.1227405749288621	2.6737626769002136	-1.3648882594401655	-1.1242374096354557	0.012614578497717173	-0.025879070837277036	0.34446924710383825	-0.7178128719570891	-0.921381953247333	0.5013059025538336	-1.1555516646429802	-1.1528674141181534	-1.0489354191865716	-0.5861481585846947	1.7745104633521298	-0.32005851199771573	0.33478443906576827
0.5813195889641148	-1.6302907322289135	0.6577605506606494	2.417259540845357	-1.8437959300215279	-1.0138716049012515	0.014764672794930371	0.43575521120934285	0.778315113363532	-0.7801569927265297	0.2296179344034076	0.4026757926425745	-0.3828531988396465	-0.8009522433648842	-0.6596035599417936	-0.7486312345092861	1.4396952783890469	0.3546798611231641	-0.9697387634188697
0.9153136759293992	-1.0993239212545134	1.085163511971092	1.6518065933246693	-1.899975077844873	-1.145298997659449	0.14283108375543974	0.32438328061892086	0.9067021827782946	-0.8593259491008731	-0.04567362984920598	0.3371586029987336	-0.6978375027433068	-0.6842555116882942	-0.42862813203757955	-0.35714319607409506	1.0019779903457104	0.3071369949752577	-0.7927476893198314
0.8563948690269111	-1.5243196070446543	0.31310451390524224	-0.24904297195891545	-1.491546189486582	-1.0689420954337323	-0.06956355603867248	0.033131408520638325	1.2154375968746471	-0.7602829960978977	0.9284299972669806	0.34789742700523046	-0.49585845589537936	-0.7885795076705595	-1.082777875160758	0.2746186490938383	-0.3063125101788842	0.4680354060254757	-0.9070564881489086
0.7925604895432199	-1.3388497388574403	-0.39510547302148397	-1.5341567242335508	-1.5109028845485077	-1.2456623973954588	-0.01518860060347081	-0.34881759465093226	1.2333538298393187	-0.6526479900485418	1.5745062154353042	0.4928009591569012	-0.774672571481013	-0.36971269779924704	-1.4401116764741377	1.1140529680659603	-0.2860282072644264	1.227719291446432	-1.0818792393082932
0.6653834797364967	-1.332267824563261	0.02443890093304194	-1.871414285963882	-1.9965361628831555	-1.20957880411958	0.18384350793837292	-0.47375726496497667	0.9252027848929033	-0.5981219526675123	0.8667460638359027	0.5290944457009943	-0.4962374613541344	-0.11994338835158912	-0.8558380734536218	1.5158313150907767	1.1051965000165693	1.1189717410160982	-0.9448052112987748
0.8882565620338305	0.624992348821163	0.6529092554778589	-2.285921643606603	-2.0753201667561587	-1.2308112134014468	-0.02221529111575413	-0.467866523568674	0.9419609184387153	-0.6405366752113187	-0.011497245002773007	0.44371974296816136	-0.5357832280783305	-0.34493017384159536	-0.019812895126408134	1.6710346572165888	0.7031211432556078	0.7413935983083518	0.5491598902383598
0.470666566846566	0.9530943251265864	-0.888998483848302	-2.143520299461925	1.0564372166063745	-0.5845347883206862	-0.03831931583147117	-0.82306510823301	0.80461317361234	-0.7433943308427087	2.155066479798377	0.6356090387590018	-0.5456327242928406	-0.21071376736690137	-0.0038716906739778623	1.7769384850676557	0.30898468889118513	0.9422294067073063	0.13112628230800136
0.6079474504875518	-0.7472135847606584	-0.4748742724254104	-1.959577857162669	-0.5245503721321063	0.4878266385758115	0.17778883111355326	-0.9298370765834117	-1.3255687883347296	-0.6964506423316865	1.4949438098028929	0.5248424204142901	1.82299627773906	-0.09411295475605438	-0.3557193332641343	1.7590736292575793	-0.49264036651793547	0.3821152227225752	0.1981480803160423
0.6785704659387437	-0.25666717463483485	0.03284703774951586	-1.079128498348982	-1.3086556505846487	0.18750022734564695	-0.8174425242519047	-0.15133258424479554	0.39817620806204723	-0.9760561374111901	-0.2766313801432281	0.16067118493208551	1.6682328617745172	0.908680115223727	0.17739969946873616	0.8784849254413856	0.707746673735964	-0.02404408799249487	0.6446527043204348
0.003407958575092661	-1.5743095051878688	0.6052490836082873	-0.7265696488046713	1.3478429057590164	0.2036165712090144	-0.9492334266038132	0.41948146634002637	0.5534222854247145	-0.9901002776656539	0.32516315576483135	0.2122088965660797	0.5556468635023865	1.3403904390144392	0.5865001583769504	0.41062162031155525	0.704135059838196	0.48897823140978464	0.06793760347234519
-1.0998932566740867	-0.5076218325202176	0.8787004728467261	-0.07827644374902044	-0.2110614710267026	0.496089234540687	-1.1616977900503924	-0.074686178743123	-0.942447874697439	-0.8569722241428395	-0.9769926213701237	0.4599624082101998	-0.19339029741674849	1.2619266156810787	1.4324019035831554	0.3366397427975842	0.12056839293415318	0.7506720408332437	0.605595844407033
-0.2591080134612912	-1.1259204661298596	-0.14993116693879435	0.28838264236032085	0.15202266439393647	0.920392194766426	-1.5156218632277223	0.34729033605433646	-1.994285211273777	-0.7157665277316011	0.2830886849997781	0.7158628327062896	-1.0783460550960524	1.3915572796950433	1.2773472338215488	0.1815624902290025	-0.4060192200184322	0.48285772109963865	-0.07865164460397553
0.6106357599932721	0.1389933848724429	1.2315643838743302	0.3848663717053512	-0.06415541935679604	1.814749025940908	-0.40628658696353853	0.2923438376991058	-0.17489305035190003	-0.5839959346942223	-0.24245436368978682	0.7908570920537883	-0.44739699114694687	1.6463729278365096	1.2536581240289206	0.44561113547093584	-1.76880461248845	0.35366102734307764	0.22185044856368347
0.716232224138859	1.1389912614731366	1.1850081868828395	0.2755786035263508	0.41610651987529773	1.5028720305498466	0.18238742384466783	0.05915344903221479	-0.74608425439857	-0.2650923150660276	-0.03932838641645103	1.0350818633223062	-0.9079114133064692	1.3442184386818956	1.0440276313442594	0.6868951774312709	-1.8459639016110694	0.3824982733289623	1.007000985732176
1.108049654500228	1.3913166083170918	-0.33132492941445013	-0.021379662190179227	1.0033076158394534	1.350369759060307	1.072710212404343	-0.15923045037179806	-1.166438448467311	0.14702164709644266	0.06400062843843575	1.3948058893191801	-1.1342232815104019	1.1015758599226455	0.8925911915265512	0.8462110659577436	-1.6136854134468894	0.3218411942423115	2.0093376237538023
0.7782285848609013	-1.1010863181325508	-0.6062744090300547	0.42572140984983103	-0.20010797633020813	1.7718549709259417	0.3312800129679231	-0.3252334006237468	0.564980614970948	0.25785258043390463	0.9958877823945216	1.438531918950838	-1.379655533108084	1.2480572230401792	1.0168001582088269	1.0433039875078838	-1.7676717331373344	-0.3672432364607726	-0.5732581384284443
0.6291506440514221	-1.4059353267194736	0.4178467484388294	0.6767901729849194	-1.4786594424887354	1.3922154443827675	1.049608462714746	-0.5650989870543761	0.8062440346561518	0.32888119078934325	1.1692344515008337	1.3468424079355472	-0.3622149385125281	1.5792979194100187	0.9879815384287811	1.1866999492011125	0.22097105404250472	-0.6343995078639308	-0.9858261601969036
1.396539699164273	-0.7740651003379486	1.8541765661283656	-0.041359207780846376	-0.24601493474195488	1.3533021238384004	1.5557225907820509	-1.1116971957605746	0.779783196412394	0.4699836045115791	-0.15832084624806442	1.4095325125581963	-0.27168749038114054	1.6898934848330234	0.7395633211426611	1.6056821871731588	1.4565229779075146	-1.2479520108731608	-0.18708951053123565
1.3549983139793205	0.13992166967375477	1.0292228193686728	-0.8031885820729046	0.8288489448685623	0.7257011231703567	1.0797403587980645	-1.0412664287265787	0.8345208537473277	0.3915551365846867	-1.0655075238190503	1.2315230246242712	-0.4880831695318155	1.0940643270532928	0.5100073230563302	1.9458087008983862	1.3386568010665483	-2.0070678478150863	1.2651374422066735
-0.18260042216388972	0.037988674767374254	-0.8728162904352801	-0.0887054697252785	1.6262059279272079	0.01662202206082394	0.4725115687870025	-0.43055086600227577	0.698048160218417	0.21345372966652387	-0.907854069662443	1.0155819001677955	-1.3342789236733004	0.23501592199508778	0.6057367342224698	1.8920004294935353	0.8315041772728905	-2.2713758544727884	1.0352232088267133
-2.0979333419623534	-0.07687122668287102	-0.9670141553705751	-0.07967337880850739	0.23181780502105642	-0.18473234927766546	0.338846817255528	-0.9417302365930739	0.022055779900044717	0.06853659974909479	-0.9707008981134395	0.8313082516203274	-1.5371108803840243	-0.3912046890296695	-0.34750185091470803	1.8277433090901913	0.23215511851956405	-1.7897734934251357	-0.0018603211015263675
-1.5540326375935756	-0.9378194041573495	-0.7001870065657595	-1.1914567590323053	-0.3742531195431716	-0.6670512578888814	-0.31293058633658544	-1.7659675306360407	-1.6565099471993454	-0.25169253675753955	0.09136729875928398	0.4378403748270235	-0.8349872325105883	-0.7607067190627123	-1.5004848016317094	1.4481569063598443	-0.17565023100731778	-1.3367213559694675	-1.287819182911229
-0.6324789402727258	-1.2917754223219113	1.1349661674913374	-1.342926912485751	-0.1873890213398162	-1.2856938283294566	0.24252572477766293	-1.287452968494186	-2.0522705626691535	-0.360073924817307	-0.42757250591695584	0.23492656750160854	0.18591710053567537	-0.871694304190067	-1.9134858165183366	0.5967411919994632	-0.323757514078323	-0.922779726733944	-1.1157098169150743
0.9373754212641227	-0.5617202438153381	0.9232886828121785	-0.5038036726893115	0.045123662891562034	-1.6195472487303393	0.018952504411052572	-1.0039230530055498	-0.09234154888453729	-0.5136723837964645	-0.90559749516079	0.16509906164153063	0.09940582850319785	-0.6252631563571457	-0.7240727711075146	0.10523945232077798	-1.7533860226511544	-0.6257757001704964	0.15489420163837142
0.5088042244794958	1.3707928702308423	-0.7482407048785867	0.49015595118968347	-0.5430913363715955	-2.2504764083135074	-0.5034809624634459	-0.42943216863690625	0.9568941060327776	-0.5711896452633384	1.0105991105380407	0.3380404679742855	-1.133401780367083	0.3656846792304713	-0.09345451815195452	-0.6898195588555361	-2.037810139335765	-0.7288399104034239	0.12578858739001797
0.3713598288668544	0.3023983878005272	0.30816181154168243	0.5005623215933898	-1.0474867809059774	-0.923759398474539	0.7571442137782384	0.2049956598193008	1.1588908499102297	-0.7543584792884412	1.9410761461921984	0.30724918167680537	1.2236457055994585	1.0537647342173615	-0.2855507712048803	-0.8653851268364552	-1.6220529283591512	-0.27766370158361786	-0.8868267382640617
0.8930129368378482	0.8335622813427425	-0.12868565315156158	0.6536103429056894	-1.74726565055722	-0.33207001596853375	0.48016002350802484	-0.3651142617152545	0.5608224205814029	-0.9144418327956774	0.43493150659379326	0.18328958226754072	2.7820128551026895	1.101687715300253	0.34630050067687823	-0.41730124538267477	0.7571912850766205	0.37822875289276586	0.501136539676276
0.19254382792092858	0.35270277266774847	-1.5105155921740483	1.0535612936178582	1.3222150278550169	-0.3663102203058839	-0.018989710342751532	-0.38764822847955716	0.48835324158135063	-0.7812129031288374	0.07700810715019972	0.265197142340554	1.7102671863680332	1.1902699028862558	0.013836120115048684	-1.3851678175165791	0.5967161357486573	0.20515210006083542	1.6520132779966497
-1.9159857516023824	-1.1664188024783384	-1.0768040131080174	1.1432946378613809	0.16860969121624186	0.8962947738877374	-0.7955349911775687	-0.8475347766551823	-0.38285896888393856	-0.615804058369145	1.180587600043575	0.40685000351944217	1.1547332451988357	0.41247526108484733	0.09445982883737909	-2.0134032053080597	0.05837982582155041	-0.11357875664155848	0.10772694670382128
-1.2302002945701767	-1.8511528847595895	0.7625236101365795	0.7375255416303966	1.3887884488061806	1.0632902959214672	-0.4926521211903677	-0.35124929050236675	0.35254594523010857	-0.5999551187956339	1.5184103630916475	0.29398758203922465	1.4986537881804094	-0.17483342677319558	0.35708552226677337	-2.2370451413791312	0.7266766996413397	-1.810996093135704	0.3425135657138635
0.5394955578837518	-0.3719713680839632	1.6708043809822437	0.7402903789731535	0.5168247123066493	1.139948468956059	-0.7843328247386623	-0.16125311518350308	0.5742045498236906	-0.6526052567922023	0.6042349118080549	0.09810784172127568	1.0060696704024912	-0.5297538670347645	1.0579874774734175	-1.9471757383818447	1.6704812471353123	-1.789721474591019	1.1174703305415237
-0.17142503253816782	0.6635942670879358	0.29656321384511014	0.6843305257755098	1.2376674816955566	0.4150256605424357	-0.46447872470204066	-0.6044144856279156	0.9025508062821118	-0.6831838981270062	-0.04524648347052845	0.06351937445228656	0.5354379199352083	-1.0652051972453367	1.760972371444269	-1.3887874923782806	0.706462563768164	-1.0199004245491263	2.5204236085137293
-1.619688704967891	0.8168319122317809	-0.820536399999052	0.7576427640735678	-0.3545527007146463	1.1813051600802258	-1.228254815724851	-1.3621382961617976	-0.5602371862181135	-0.540444918484878	1.1594188942559709	0.2384250909862259	-1.6307606225566724	-1.3662727645396695	1.8329587218766128	-1.105247379831292	-0.014410528525116727	-0.60299297560897	0.5846411854637742
0.2827441497320838	-0.9148987345122752	-0.7298303421110443	0.32400444066681355	0.02107518426320217	1.5750398229503308	-0.450187087952023	-1.3228635839968759	-2.1397878257844796	-0.41230889642925256	1.0411028073539639	0.25181983754925724	-0.7738965389742429	-1.282928027454735	1.7698548797951383	-1.2986255419473118	-0.5616798860060056	-0.9815757086579804	-0.20360827313380497
-0.38844470058580216	-1.5071868163698188	0.9993040051607569	0.9536569549933458	-0.005669462142042997	0.6108105992295682	0.8243603483102182	-0.5727089736016548	-2.175458249261168	-0.3092626896506458	0.629642267185364	-0.03767732959055377	-0.20046440686953532	-0.9366216232490138	1.8494990233476507	-0.8936422879952318	-0.4046887134729271	-1.16525667729573	-0.8256397093777322
1.0145775979806695	-0.7331040768582153	1.126067885127274	0.6696681808698235	0.26307656699904697	0.22994843867357556	1.6212612703402816	-0.3137443648598566	-0.8234878641157662	-0.22675016334104803	-0.4734303399657071	-0.19692529074906145	0.06681068180660558	-0.778634794512216	1.7031435549465497	-0.35525243268854667	-1.197722480076211	-0.39285763027675796	-0.0037789237169431463
0.5906921045811262	-0.03482619978858419	0.7098667279001081	0.5448018060225228	-1.2722823295539756	-0.8728536020310514	1.9999252125396887	-0.08469925131248884	1.0826829557555546	-0.16111972914161463	-0.7175153563600879	-0.17173787307721294	-0.4858151360753552	-0.5273786480497582	1.3634988738109508	-0.44685512375410646	-1.0292866711760362	-0.668218658578803	0.5823737291847014
0.638723848773457	0.13479645659892334	0.005413641383377719	0.8149804076245628	-1.4584335932973829	-0.8234305995354505	1.1842321120502068	-0.7148225235703447	0.6650763295906352	-0.3329890194164564	-1.2871454362704036	-0.3123782839296952	-0.904529740650132	-1.4154164549931232	1.0448992402914887	0.16576233553788092	0.4701796206623241	-0.32778154202389453	1.1569355407119843
-0.38564192513613743	-0.46518682023791114	-1.2787005164534104	0.1273628958216867	1.1998920098461956	-0.806501216775947	0.933157766004482	-0.6067079048625812	0.5905862762341667	-0.36258409045231094	-0.2801637717193989	-0.24227341853205547	-1.8042671384970572	-1.4216047760669785	0.5701394645912393	-0.30327481753906277	0.3017289529039842	-0.15571876185260358	0.2717099591134793
-1.7740828365022732	-0.385643182430073	-0.9924843521258345	-0.7520333029964308	0.06439764977578187	-1.0727071839918019	1.1484499463810458	-0.29622009685229905	-0.6514194171571144	-0.19934403454594135	-0.1766266336458084	-0.14071544032926	-1.9925495270915003	-0.3918469801678266	0.5318246570656028	-1.0230532006380877	0.00620939726572812	-0.6564160743291909	0.536942328873126
-0.5953825661134075	-1.8434103217192586	0.41233730246517697	-0.7046072774525355	-0.3099820024302801	-0.535170983459957	0.8627131563864167	0.20151238295268742	-2.0767562848891674	-0.35055730964001725	1.48162336657714	-0.2758806462663208	-1.1431722991094149	-0.1422316118899901	1.2234128409781488	-1.0068952425511593	-0.19259643500259124	-0.5730541720332545	-1.1374404710537003
0.43114189319963936	-1.6265480431663724	1.345106668707656	-1.3328179815234706	-0.8938839612441515	-0.7488038782120692	1.4937477408667794	0.336286440187094	0.7831474552539749	-0.3438216810969112	0.7398190009149095	-0.34105517013981984	-0.47728972994204977	0.15818289522090626	1.1332276938234234	-0.6582634226014283	-0.7909068541926411	-0.5236908096369668	-0.5508264316655828
0.4016557848542826	-0.49447049479237365	1.6237960466562202	-1.234023948194507	0.53101317835515	-0.7858230309257513	0.4000085220471126	0.17993436934607068	0.7009202568758222	-0.5142814195234962	0.8795701431980452	-0.49921883924058774	-1.1351559595163394	0.6951292951843953	1.6277735815029457	-0.3596782649764641	0.595203376565048	-0.5439677990570586	-0.45710398784418327
-0.18208724712181812	1.877307096182717	1.2411381156268515	-0.484996246201468	-0.8441926577618072	0.16426628534882626	1.3053679168200547	-0.41227438524954696	-1.489464042305593	-0.6371251375077219	0.6712541298365877	-0.4863614336765669	-0.5983602916895282	0.44451940442380655	0.9897463885730172	-0.2086455606565979	-0.17955094360120077	0.026738435974824934	-0.28951059099378923
0.6452732877302992	0.47497393226302576	0.20878976592810303	0.2085118209438269	-1.2755184867183709	0.25158852546324634	2.232543498756426	-0.44470113552452	0.14857260135717731	-0.64393827763232	1.097742949704272	-0.49870269301788567	0.29770985104155456	-0.10401860790071263	0.24036835951022759	0.15277739279792463	0.1299600148978725	-0.2935009996511749	0.48123905315577736
0.6097306868450525	0.2047707892198048	-0.5385478784063202	-0.1997513993044055	1.3966838126832497	0.6251178713893294	0.8838113206043525	-0.37168252503401894	0.47297141429045675	-1.1264368449470337	1.6284671920188853	-0.8987948527813451	0.18844019061395367	0.9505281455447896	0.049586183414493556	0.15906877937354474	0.5180547091547362	-0.9394548337020654	-0.6939148750668656
-1.3476216574537019	0.6840583228102546	-1.5781364589987312	-0.944759501295589	-0.07682677715462018	0.3654500757470964	1.6151804909517706	1.1562134838797342	-0.2198620405732726	-1.1077084694775816	0.5505781144903095	-0.9340645119852061	-0.10290464898721488	1.7005478246326897	-0.6250371190502051	-0.3884508583746878	0.01649627017242746	-0.4271068204377047	0.24625860896488455
-0.4418970915604866	0.22779443982424857	-1.7496872547625544	-1.6214690741349556	-0.5282147699357793	1.086379227174012	0.8151177447536743	0.7857839204772598	-1.8897617025946152	-0.9403145448666449	0.5221720952934128	-0.80734018739784	-0.41937948179053586	1.6674853979241708	-1.2814301010937914	-0.7460022294620664	-0.2804072043803024	-0.05308940263361244	0.7260969801028636
0.2118835873036005	-0.6991826096941404	-1.1192982081262224	-1.7016644089273947	-1.0094044254762893	1.407506171363374	0.023661815262301125	0.7696595731498334	0.16089920047643505	-0.9890123531958145	0.8899338399268287	-0.8491027144550982	-0.19751010253707432	1.5986990500340117	-0.9615822889677248	-0.8603932649189101	-0.8380103143354942	0.10614681664798067	0.159754654645912
0.6666088893296477	-0.5193053822684933	-0.9176158518426633	-1.630504701325664	-1.0007995116867807	1.548597108938253	-0.40083612579042277	0.44266256971142687	0.35521805089424247	-1.0478232436541493	0.011821493569607789	-0.8883333304491571	-0.48550999458407873	1.5932153247538945	-0.37210523527326844	-0.7478480228191071	1.033612023633879	0.00354463167101979	0.9213730582827295
0.45269457192715484	-0.9082364942635734	0.8381292794237634	-1.0989242005178632	1.3702539951741899	1.6149510610100588	-0.421545824065627	0.1406866531139442	0.9861653419994173	-1.2549542061454313	-0.05530853146365705	-1.1754593821222112	-0.17855812258690804	1.3103929335533147	-0.6638961390416174	-0.10403929233391788	0.5147634139232425	0.11878300940165007	0.18275785067492276
-1.2215898400585912	-0.2289125865958819	0.6871424070647255	-0.3686823175882177	-0.13114558661528483	1.067099105626046	0.6784415882998878	0.25503832367848833	0.06216368912986501	-0.9750147439609037	-0.6744029990690615	-1.1402067024745848	-0.16897722880702382	0.6702268768529724	-0.11824102914650908	0.2150120727875017	-0.3131170084111089	1.1123336304995326	0.4138211469577619
0.2155432684161449	0.08396186157711834	-0.4146131810187644	0.017963898159910896	0.11904075661579695	-0.06613893175252149	1.2153164796422555	0.6217769914715496	-1.9420959156285502	-0.48085595179627666	-0.9165678415549311	-0.7758114341045166	-1.1851808391338816	0.5882595240175715	0.2995649757808451	-0.27522624246086264	-0.47848054510567284	1.1366828366577595	1.4994852517365274
0.7863878438062591	-1.7009966195984707	-0.6139837580824355	0.446769235890353	0.3896462780517112	0.5891126423992415	0.48836503720712193	0.3245000201765043	-1.2892809137031234	-0.29027557904723666	0.1514082409535479	-0.6273965771114715	-1.5294730561291996	-0.08221887834335845	0.7805510953344083	-0.11114883525863142	-1.4036712239122695	1.153418336048385	-0.7567030618846846
0.7918597114594158	-1.9230948685943945	0.5644733575074703	0.1814134571847483	-0.08301067985964719	0.8158054047344354	1.275181425255729	0.17906858772334736	-0.11053863252968534	0.14193720576692212	0.03676273238969077	-0.297765465735472	-1.040953247659807	-0.38282047976071215	0.9542077294930869	-0.07426784607293387	-1.6272534865329529	0.7755372814788094	-0.9359439424117565
0.478941509761439	-1.4092435124594744	1.1401203594732907	0.364477778023796	-1.4018746426766122	0.23009127275067517	1.2487889829840033	-0.4685640448133007	1.2419147388102325	0.30322105136919253	0.041414191684226	-0.1538027877225533	-0.785121458936051	-0.717532081574327	0.7470613949583097	-0.0024022711858741907	-1.216919246576284	0.17796031738912044	-0.8948468975594337
0.6192570111276722	-0.16907988316370057	0.5798912028372697	1.2349257716216435	-1.8726410625090641	-0.36207690300355416	0.750781363127137	-1.8876965394073941	1.2023646871922349	0.3712319308338437	-0.776242759450063	-0.11955687043794654	-0.7540089604082093	-0.6535421956775554	0.8779656608936103	-0.032247288859979545	-0.4588253746196088	0.24699779091345284	-0.35087768989143103
0.6963747010740162	-0.32908127382420743	-1.3696639081228643	1.8402365974708734	-0.7522131449933709	-0.7414797589584168	0.24213258115609634	-1.871218345495813	0.6331234178945694	0.4028157541718901	-0.40463432680389755	-0.08981873570153194	-1.4530010106099809	-0.44500354320923113	1.0628535861145214	-0.1458288042010278	-1.82068729315885	0.03398720732775413	-0.2839577503336197
0.4390000151618794	-1.3103907097102163	-0.21532636283665518	1.4158275512525609	-0.8405567702130662	-0.18852045459121675	0.230357858785807	-1.7614264990512063	0.4288906094716334	0.46261241585239066	0.41663432233115766	-0.05772332203178062	-0.5889876797217313	-0.31739851258278756	1.2769499037210368	-0.34278303837684637	-1.9164744441974162	0.16588947767144813	-1.2508249030291778
0.6418573755631827	-0.03611085408760815	0.6185813720950282	1.1956588272638888	-1.047948474182014	-0.802590849867324	0.5513103895189201	-1.0475493956139375	1.198619376421982	0.4725975537386173	-0.24021623144175167	-0.05368043376438846	0.24615976454012392	-0.3420186328507205	0.31190825482997664	-0.8990033483226977	-1.6882271660074335	-0.38832923427797605	-0.4099362596849649
0.6476066909000269	0.0762862369939769	-0.5324109033107628	1.3420806892335044	-0.703707436397788	-0.9492029221221934	-0.48103543208237026	0.26232366027352316	1.564161589187772	0.6011334246715484	0.015903347681072235	-0.004773833763861618	-0.7090634235203238	-0.6128823533344354	-0.5150831729037012	-1.3402157081119996	-1.8871738926861017	-0.6968782926986201	1.6656291460918216
0.0038651722471881797	-0.11013853389607416	-0.20702773075295774	1.3895269801221106	-1.673664052251511	0.9982287140656141	-2.110995161130544	0.8548416524430076	1.6709129828256732	0.18562256053119675	2.1170924669981743	-0.0798256220183214	-1.4693703065422277	-0.4227474599395279	-0.036325106662263774	-0.9992421917774631	-2.1265139556371366	-0.8395927244404695	0.2654128851078212
0.01683801903205661	0.8808083028495751	1.36914849862418	1.6024271496884193	-2.5428527783042933	1.3089184100303344	-0.3363147558260317	1.101617759640444	1.289718337486604	0.19279859522529114	2.1549566368110207	-0.09379158961240984	-0.6193485608665543	0.08121253917371689	0.0842821355794261	-0.8979141491543351	0.01906653176177505	-0.1985737819873454	-0.3733966258696534
1.0463960464616213	1.9200852314195331	1.4340388757069118	1.515646828931663	0.5832095319148582	1.2419472277038663	0.9157228576547647	0.4764687292758197	0.3757966765233404	0.49074496746458524	1.3974112360468007	0.05562587599609111	-0.15013499123212531	0.3349097583492551	-0.24268630903605307	-1.073229886746474	1.2323749573853267	-0.24941928965453733	0.7829543619868521
-0.9389364043320003	2.622758739809934	-0.35849906325119446	2.0464184746216887	0.8181577738636224	0.4082931042136972	1.7977636519998887	0.8628457870938089	0.3251818225498781	0.5809557520046262	1.073202064222298	0.11093802547289354	-0.06728665881784905	0.8553600428289406	-0.32423192793900374	-1.1867702053562628	0.31244074411537	-0.6530696971610043	1.9566092640057766
0.23279274118206442	1.3221028777810566	-1.636169979891491	1.627748757628523	-0.40427548530884794	1.0709019814927416	1.7898027992649694	0.5725009005568915	-1.667899051288068	0.7748165367630606	0.48821318143648224	0.29904192047599953	-0.1884651619236698	0.9380525554475663	-0.36980404547762047	-0.8937939879373396	-0.25818036474189987	-0.5865785326921407	1.7248731514079174
0.17362387765542694	0.09365838683269766	-1.9533323658151152	1.1077255262985453	-1.748943469272568	1.3116980107077967	1.045092316721095	-0.9669250256208567	0.5509328026037533	0.4568792754772361	0.9897519116282749	0.0007800809241153792	0.06579366674861573	0.2636582212723866	-1.2845586585761894	0.40195652097279877	0.2607048970847441	-1.5130626593480552	-0.5578358934882505
0.6349336590559024	-1.0489386258145346	-0.03552244405980265	1.5259652175573228	0.5427707974016631	0.9976526997930271	0.7494501176394621	-0.8464096294775421	0.2904797502417878	0.00341614805599167	0.812675681441517	-0.44114166445058667	0.8183034243841651	0.05210025987599186	-0.8288386760557037	0.8307995824460425	1.4447500075165542	-1.7772904571726686	-1.1451766180593366
0.050900931396996384	-1.086905564024539	0.6465763333402632	1.5915987750662224	1.0223114028301048	1.0290841356701106	0.9070483274729875	-0.06766424260371966	0.5487032421960534	-0.2061553907299545	0.1199883681454399	-0.6435286481636846	1.929055032104733	0.04179968247210836	0.18603633038019704	0.885852590713602	1.0684698731666074	-1.3256486600255786	-0.02654391145172765
-1.5652850916060141	-0.39420393443974105	0.1699199061962641	1.4212232650356593	0.1921997773915172	1.1031672835935156	0.44813227331735145	-0.045969518046552936	0.45581201516146314	-0.05012888452763257	-0.99918129432572	-0.5426533613531705	0.8554539708124603	-0.1832733798969741	0.28617994354634085	1.1465915311452415	-0.026752997978329203	-0.5295335870765838	0.8349545596373005
-1.5985479227532877	0.20333770392115863	-0.7227697576281219	0.751986781205998	-0.20483427287198916	0.25322923337531367	0.421646121749758	-0.3690286552140083	-0.9242376065411146	0.3187889152790497	-1.3584786538868405	-0.43176246972716137	-0.7712116882522315	-0.009432700050526389	-1.0225894687284158	1.5206354187034097	0.0013450751885806657	-0.2285438077118357	0.7383271111959788
-2.133655010157007	-0.43304081448209	-1.4190265842958256	0.5074800743687786	0.6394068809257915	-0.34292765902822037	-0.198066187973998	-0.2896781014595283	-0.36766583238890277	0.20528158128129834	-0.254966620899907	-0.597213023874722	-1.1580013411984968	0.27154491161447947	-1.3436454920340999	1.2322197062602034	0.13266006997444274	-0.18506879515894953	-0.3275184953067897
-2.0875795028330266	-1.2172864624813429	-0.7034648044885791	-0.07642207978703768	-0.33327252554613557	-0.36505953020310744	-0.04503587462579598	-0.5521914303671748	-0.7268074158361443	0.22994204727199638	0.7809170703952562	-0.5143669947488467	-0.8851836664674801	-0.018783549548652693	-1.1502983610945028	0.6712623191067361	0.20606787527029444	0.5933421945157633	-0.94965727848357
-1.7857170236776247	-1.1638790111600708	1.5439179241588985	-0.6253104242923078	-0.6106826276577705	-0.3296978050000906	1.156586121988336	-0.035489530026276875	-1.208327945036625	0.37515131397200907	0.38225067992421036	-0.41510294129349584	-0.24443320869010415	-0.07055352350659773	-0.6966015632006919	-0.37818271603779774	-0.22566768702459655	-0.07326924048400212	-0.37370122608126255
-0.762689287504182	-0.5747563486053189	1.7440650815601448	-0.6292270577551613	-0.436506073502219	-0.5697423679258703	1.4561840487087263	0.19097754399198885	-1.6223500488848328	0.36472139598420344	-0.2724848042265494	-0.4452125659101926	-0.22638895661986885	-0.5435121765441332	0.0711603716312046	-0.7944059672706216	-0.5739006878994046	-0.3815470278061506	0.8540354403010646
0.5174437553686627	-0.8498981594113765	1.3702777552161909	-0.849302773729037	0.3651263662345896	-1.0294118287026555	1.596033858652561	-0.11324260280631804	-1.2080104138176677	0.29978404356354743	-0.37090168909839705	-0.4723244613142615	-0.42146797760096294	-0.9788287946695201	0.16466090237571995	-1.305986036530184	-1.3068560244959393	-0.3896990619766004	1.1788918660168335
1.024363117786014	-0.42890928741893897	0.7701100824960013	-0.7788995528413127	-0.022548712627109956	-1.0360946490021745	1.7330847763647652	-0.254756942535689	0.23694325630536797	0.3660122800099689	-0.5954170877161417	-0.49204973070362923	-0.5150145336663173	-0.8805307351863269	0.6850934890123145	-1.0547576784684567	-1.7744105810895834	-0.047600769808966555	1.4761663769568625
0.6741897260291367	-0.43098569132256603	-0.49742815376861554	-0.13725126562400544	-0.8037247909346463	-1.2159303206830367	1.5937778592688785	-0.22503474720129069	1.0244679144318452	0.4846111251475916	-0.6871624395007638	-0.32427301513490914	-1.0731678078435447	-0.7162418308706654	1.1192054654511951	-0.8952124186670124	-1.3158916576487512	-0.11828476648294152	1.5831781539330727
0.3490483235705773	-0.643756976447287	-0.8440962776701119	0.30361999598032163	-1.8459865675282017	-1.539280397460905	1.5398871059125885	-0.17182137891360527	0.6728664385243509	0.5091672181835056	-0.6380670783639023	-0.2019115498983214	-1.4228481048214192	-0.3720838679451083	1.9219320320939615	-1.1575408458150136	0.29997718060496986	-0.13662459114264436	1.5877322522900559
0.5037786149007879	-0.2785601501841232	-1.056605201571379	-0.26565498717023894	-2.2759099175344	-0.9450117984302714	1.1527353273655978	-0.04777647117231874	0.6146270507929658	0.10048211248780489	-0.09194744198458463	-0.3746351048441767	0.18067023617709005	0.27864814943298105	2.5646668350070057	-1.5283144038250784	0.7175619044500845	-1.3324535030869813	2.296483394222093
0.5149270035178874	-0.6435860280081385	-1.3607555451978681	-1.4624524665854024	-1.6577545475394992	0.11364483698735876	-0.9194402716510347	-0.29460676577250045	0.9235008850538525	-0.155273207778144	0.41838371576838546	-0.5281372935890947	-1.0173141376289825	0.3238017155224679	2.8019878860352034	-1.6156136201834652	0.0832995142647634	-1.654363746616185	1.8812783129659036
1.0910957965028372	0.19868952039972526	-0.6479265434572834	-1.526059828881949	-0.9328470686696078	0.7890301628605839	-0.6191342399046453	-0.4106566443370903	0.743078310892918	-0.28673378184908077	1.4981664637470211	-0.631026117805739	-1.8026795665093225	0.2845605623032422	2.5965751816105973	-1.2488325935859654	1.1374018936858212	-1.0013714050318097	0.019733996127678573
0.9496464290977494	0.2862492361228062	1.0981804127429613	-0.6173604819553717	0.8774619767353886	1.0711699591409962	1.2813912252022188	-0.13176473163474012	0.6185232619107277	-0.3997651131018777	1.313788606992916	-0.9460951217061367	-0.32194550530442223	0.33513526958036616	1.7075128195671772	-1.1448137089724972	1.3147590082848883	-0.9833646616255906	-0.6747654697993225
1.1138249436565513	1.9619533992678413	0.370264072086992	-0.22311052235037343	1.082890979116228	0.11654102519535145	1.141197089435284	0.2737639380414641	0.4814882941869466	-0.5650369434965953	0.5362050854210725	-1.1959096639582452	0.18385570583353922	0.7560813393887694	1.6624888471316421	-0.8213850713381438	1.271417315576545	-0.5713978502654109	0.6830987416937169
0.5842869629467955	1.9840749506828224	-1.4180090296600532	0.11256073522800474	1.6750856952753914	-0.05122650441325961	1.1141556204350889	0.238784135903424	0.46431395109476137	-0.624417659068468	0.5925995344247104	-1.2864085980222997	-0.22013913573784993	0.4339539073180308	0.6720694623792732	-0.8010483104150854	0.9879375209465879	0.016186586744591537	0.3253126823437685
-0.7537882823971266	-0.06350033242639576	-0.5002377841878394	0.002184450749936722	1.1129020622662584	0.9491991036055264	1.3020452907146547	0.16431193120827828	0.6113027008290381	-0.5674908928430332	0.8062964841018558	-1.301398772915011	1.0367592378966464	-0.1561294894808573	0.6344599129048474	-0.902901442780934	0.4118519697945408	0.6289972866764199	-0.6636917552531915
-1.426468799279583	0.652651302381581	-0.13886793554571375	0.18583035074994997	0.7717452740730762	0.9263524506984717	2.3368170177887047	0.004947606825014026	0.4712362750486589	-0.42316557101514324	0.2071967328818044	-1.1651885826474115	1.4479298006442667	-0.08431403815653807	0.34352114503989994	-0.5844067282193669	0.20114738484751118	0.9971353686773786	-0.0330492929156185
-1.5626953358882472	0.9218289332518338	-0.8641289792290207	0.6070789338392064	0.8504424466788081	0.8938169080573849	1.4541787830312822	-0.7519210845997786	0.5271128736186774	-0.20212420756119057	-0.34901678704047695	-1.0507587063884907	1.443917356800175	-0.5953019020801698	-0.03922408500908186	-0.0770644501691942	-0.06375478828419631	1.0483841450267992	1.5111153682921354
-1.6407761590406926	-0.8110968814778091	-1.5766028775617227	0.23541338780076856	1.046372898240881	0.8282956039110683	0.3624066748998432	-1.1242820161544762	0.4126542689636641	0.2597339758574355	0.6868118834622345	-0.739270160953829	-0.7298964841022871	-0.6810545085409702	-0.14883988645125648	-0.4057379993820983	0.35144976763941077	1.063583678964662	-0.5745083176227183
-1.620496728541641	-1.090771494400104	-0.6824514380711695	-0.383296945455148	1.1664154017335413	0.5773010078069833	0.7332139834455558	-1.3970368384925194	0.4774501455354101	0.4723228740054657	1.0588561915045116	-0.5650153664934474	-0.5827237530282943	-0.46752165350840946	-0.3456073061293624	-0.40844865195858465	0.49941295512028977	0.6680649491460692	-1.3493357084123832
-1.74276085900111	-0.9762458917642461	0.8814480289498152	-1.16100381885838	0.8956484352057412	0.16401139725600664	1.442317694463423	-1.2046700551669212	0.8170056081860968	0.7005707846634789	0.5645687735765682	-0.5188573289911724	0.12693626845341718	-0.9354327681864348	-1.122046673279956	0.5411573579276324	0.49557816419982575	0.062027781983868976	-1.0056224902912978
-1.4922238114938249	-0.7908796883940361	1.2274220785208931	-1.1745049800016876	0.7045865127508243	-0.49855634161195966	1.3449952163870666	-1.958670434236807	0.5308848593957508	1.1240569084583367	0.33679287969791216	-0.29259903093069856	0.34355540046077987	-1.1167901884053029	-1.0116916621667573	0.8845623724183128	0.42133434379030155	0.09043785688528237	0.6067191587519277
-1.6952110569095775	-0.053680648814258256	0.995576402999876	-0.7650596562982879	1.111216781273795	-1.1992681135649743	0.9326133873171284	-1.1209030460658365	0.6181296987501892	1.185174415543232	-0.1995115471684147	-0.2186550993046024	0.002625510889198491	-0.36273944445468526	-0.6247940656688235	0.8432817341979952	0.2560739473767745	-0.7528310070134236	1.388349968865592
-1.985729453447323	0.25647733765346337	-0.31369109116416494	-0.7472368274650559	0.8277334246388365	-1.4711107402184274	0.6224087976659356	0.13322801683556817	0.8284793546671946	0.8572280244859797	-1.0869288260215502	-0.44872622982984056	-0.694004699898062	0.203755291165516	-0.966469357542058	1.0011917671661799	0.2623815899541135	-0.5087094101750826	1.4313734959436264
-2.1536078362952455	-0.4274926466065491	-1.8788753639426308	-1.62018123628924	0.6261198037736726	-1.3024540168181589	0.24546934576000104	-0.09206994964379928	-0.05726590474936758	0.7379896269540387	-0.2921085522619628	-0.5775696010264242	-1.4219675167205814	-0.1254319652463177	-1.3024443084811457	1.1089903002702044	0.25450356072594743	-0.06582686910214969	0.280209255544218
-1.744936196457659	-1.189291857543617	-0.669969696427942	-1.1898859166449305	1.0327187715104829	-1.4356203262828182	0.16620393324584254	0.45878440182829405	0.1789496578514045	0.5700020467188965	1.4646749711161156	-0.7269128541123365	-0.89774325189795	0.294676111199717	-0.7345355583815038	0.7956163361585399	0.4022960033443471	0.1823473484041578	-1.4243249961869398
-1.6625930128908935	-0.9255336005351792	1.2080817214905475	-1.0199005077307524	0.9100978183099794	-1.3378941777289575	0.6579666946025461	1.2509319990656556	0.4659976209728428	0.6566180877149941	1.0153249587468498	-0.6886655123374766	0.041264503679478294	0.31707103691678	-0.21145838532071778	0.934978424264236	0.36587490827539243	0.28222613211260467	-1.1431667519170106
-1.055760451567573	0.26331423985765623	0.5260773255811536	-1.0684121381405187	1.1115074268700331	-1.2892083070234575	1.0919549793947347	1.2815519604625691	0.5843599131300657	0.28207242108838154	0.8330480030753131	-0.8942067935383743	2.390354734193906	0.13892811016809267	0.5834171143414664	0.8169511428652481	0.260830554473082	-0.18572212504759558	0.35475167308993194
-0.36469124278881854	0.5722530456691968	-0.6662266776410659	-0.8696629591518	1.4672850672143958	-0.6579220515025735	-0.06458109258175995	1.4713898384300033	0.2590188901603862	0.35445329886891286	0.7469908048272158	-0.9007473026893013	2.482228639396656	0.6978601950312003	0.9276511728368293	0.004031889074614564	0.606873565745646	-0.09146515364361672	2.7053113102533803
-0.32103085299171397	-0.0773488880825775	-1.2176585925146455	-0.836913613385172	1.981828981405644	-0.012762572164539337	-1.6999429681119491	1.7277925156562497	0.363833397587966	0.14358331378200784	0.3043537662739404	-1.0019398529309982	0.3768934420492255	1.6398763154972675	0.8623114183586263	-0.7602448946640477	0.8863822023276748	-0.7210770581008008	1.918694267217259
-0.37073909626723406	-0.2821684227961253	-1.1548870984222124	-0.46568919055279295	1.6940619013843623	0.19390828913216512	-2.397372244525409	2.013049100842758	0.672744995065885	-0.16419404403734433	1.066630544883248	-1.0968029741926373	-1.3025261608432253	1.9309974605089686	1.4669736815700753	-0.5106842903495908	0.6217968725413626	-0.6326807105390495	0.8713775291348509
-1.7967827920874748	1.3249219383024309	-0.8033832721281878	-0.370726366000767	0.0179355250443746	0.8237522501456277	-1.919758632700136	1.190503313849615	0.13700042555142247	-0.1847496010566354	0.7969777104520166	-1.135202022276417	-1.6842762555129156	0.9667276023217038	1.0384071722459	0.24848093637125176	-0.03985265424000168	-0.22316287242649518	-0.0025253868650101452
-0.6243669393596144	0.5095068468472178	1.0939623620076968	-1.1531933920234467	-1.0944048132024264	1.255317009500263	-0.23715816246776086	0.21486692616250225	-2.2598789892880644	-0.12827712517148795	0.7269582328267458	-1.323371944497482	-0.18750592363501692	-0.9243326898898385	-1.005267952631514	-0.23938201805705236	-0.03781041501830839	-0.5312451266432286	-0.7984563238810034
0.913839638267052	1.2641007286678207	1.4884732869350437	-0.8718441732698377	0.2552492924896195	-0.06110385591641754	0.8252797002312873	0.831150633577723	-2.395288674149081	-0.2742919031468751	1.608428474715129	-1.4405116435431826	-0.12507994512952797	-0.43873994328177757	-1.7085957716893958	-1.1823627946874842	-0.7444729854513539	-0.6517530831996691	-0.13954456326816833
1.4708870441017985	0.5084808183462023	0.6220707420057343	-0.5692727793381996	0.1615444997404369	-0.17772013218122246	0.4856953045779575	1.3220957711934218	-2.3449136255408924	-0.31497467462029094	1.7687499819285613	-1.4980845732869328	0.3071888650750974	0.049948695081376865	-1.7977571904724166	-1.2168178970490373	-0.6737483324788055	0.1551653905128747	-0.43536645909688976
0.9049714843207992	0.12567400808457696	0.14257276305053726	-0.9282649662940825	-1.2136551110920075	0.13806771834263795	0.14892099472519874	1.3941241296228533	0.28179809517386956	-0.2521172477759332	1.3943593580959486	-1.4010956602638807	0.29436953675091587	0.007845984137482142	-0.5501221106249632	-1.2963204914076185	-0.6078972511784569	0.9159172037830315	-0.7471608323540517
0.8648910027277705	-0.46687508902408065	0.9836481885041912	-0.11608326247559192	-1.2466999320432959	-0.015042482447223983	0.29072032530462094	0.7977357792143511	0.07372460495216505	-0.020353820374295638	0.060491064194397974	-1.34714380260069	0.45521706340009316	-0.32294382575709196	0.4345732313721079	-1.0629616379378366	1.3918493333626873	1.4956266926473054	-0.8358044652816916
1.4529895747817363	0.25273537995881284	0.11588828927770281	0.6617885833661522	-0.22560835481977976	-0.6367091016693982	-0.19996497516837242	0.1929290703424661	0.351760709809088	0.0664429955763637	-0.9162190884414423	-1.460539434368705	0.4796116555813378	-0.542887379309571	0.8363278101481372	-0.6508214759686257	1.2606573525961	1.773301553487598	-0.06155966853750151
1.196820604838418	-1.0561866596720946	-0.6008478373343866	0.8870837673992131	1.0226575362148311	-0.4148075509777095	-0.7714971438120218	0.16318978849557933	0.29525315910429245	0.18724087425348077	-0.2253092577919174	-1.3509929979110527	-0.44427740597846416	-0.28024271906229015	0.705587163772815	-0.6560439107896092	1.2373353860240253	1.9365981776663175	-1.2489831795977773
-0.17035810960768683	-0.22750419784689704	0.12837044568820344	1.0262650834149143	1.312252350020596	-1.0120504975280018	0.3022577278164707	0.28564106175444637	0.9177129106181426	0.42598073062348063	-1.1909714923157537	-1.0851010976474111	0.06187972563445487	0.5246977113850815	0.7999626516425665	-0.6688874360070058	0.6137112805366347	2.1341911039419244	-1.1697946899463518
-1.6845350941719108	0.19994254602057052	-0.38180764742290335	1.2948364304977784	0.4520063435549668	-1.5688652586650682	0.47529129844853235	-0.29669816748432837	0.37813124893170424	0.7611773505106548	-1.7920358417213926	-0.7889864677269854	-0.5660577511271384	0.608172306438168	0.6172602973852044	-0.5890372405409017	0.12520767401075475	2.0443935963196367	0.22516766188118484
-1.8711768282854184	-0.20406888246486204	0.4283657821130911	1.5376157510602722	0.768003554164508	-1.4201429978070372	0.28901763401471436	-1.159462276509092	0.05330698203658159	0.9266875550121495	-1.5705695132317756	-0.686210333995551	-0.1277347912877267	-0.04377688169719045	0.5634135310304075	-0.22294543930389496	0.32605492964437083	1.4953524842358887	-0.22326441161330784
-1.766760146793231	0.13012900863791277	0.4820846974345053	1.3287165600553235	0.5990096262361844	-1.3564170110118061	0.29939893694890923	-1.0574120971144345	0.008255804806651912	1.1006011736490957	-1.4104464503405434	-0.6048127726411824	0.17414363704175223	-0.7387376459249673	0.5881883533991433	0.10693275245537422	0.28249355591857883	1.4655469607236076	0.4929460784259872
-0.9661966604000993	-0.27744593122814454	-0.1191827412372698	-0.40249558742961494	0.14972072179624193	-0.47844283013014166	0.29033445877730185	-0.8591819100614275	-0.8120141567368696	1.708744338555348	-1.2464946983219378	-0.00021189706785825418	-0.18484306204214562	-1.0759339934596805	0.026204058376115565	0.5885944315938675	-0.08880410036611039	0.9561470763460056	1.21654404594596
-1.5973496205136137	-0.7454756188548379	-2.0485041380029876	-1.2048292714405384	1.4444968061706525	-0.465686645077478	0.08770088886301959	-0.299375881481528	0.17396784436236823	1.6695325650334905	0.2826285204073529	-0.06888978451682394	-0.8942663944051248	-0.9832994952358359	-1.0872125355517792	1.2340061982150383	0.13654353724841936	-1.0394068754499937	0.07257575621894054
0.1927746433331331	1.2094452780938827	-1.1572958582928357	-0.6299163788196512	1.4503352240427008	-0.7834498517397737	-0.09369627590201614	0.3353536239267789	0.055138590446702676	0.8883679005520086	2.5333494984123375	-0.6108339636861022	-0.6769934001682449	-0.7600285883453549	-0.47075506125482	1.084814402777161	1.284988064783928	-1.6655302440322597	-1.3028886659405277
0.9173039736892173	0.26222936888032905	-1.1388042155644873	-0.42593041781595975	-0.9254128870101495	0.41928269461957257	0.5919997682426789	2.2219737442426775	-0.2992173650858343	0.5993605046007898	2.226329306684542	-0.81202056105632	0.6826040275577732	-0.1519526442484906	0.39400330771021613	0.5793506377761247	1.4022751252934027	-0.8669805480674815	-1.1402036872272376
0.6147573509849097	-0.17978943595397212	-1.781543267709974	-0.8367131750210196	-2.2443685555170423	1.456654063234087	0.07998606008321722	2.3021300207276494	0.35257086869471715	0.7023468199624068	0.6764608232618247	-0.7216524149425857	0.3946287864176852	-0.3278483225041815	0.73227434984992	0.9431378947492087	1.339179777925368	-0.35185838371679723	0.19659044015356053
0.26536317246170804	-0.3665235923358101	-1.7913996472086995	-0.6373804412636458	-1.9019153811188816	1.5110026725713708	-1.2505460640563275	2.0169296936418797	0.3373615736679404	0.6214265128044536	0.3395483425543017	-0.8091286715403899	-0.29743751838292337	-0.8127506903471224	0.764246653757979	1.065185652576852	0.7473440660336365	-0.5638809887303429	0.4921933969095011
0.24000108100218318	0.4787173678288498	-0.9117782231267103	-0.7648209223099157	-1.4933532304731663	1.4076105007194386	-1.101492038281738	1.575710815854301	0.7092798411869414	0.33523500176994897	-0.45533336828695037	-1.0708466537020047	-0.5614686691996383	-1.0371848318982633	-0.5331190591224712	1.155645632410086	1.176891774600013	-0.3037921543231401	0.8152339123488418
-0.5718228143576466	0.6417259502432505	0.523181793007889	-1.540485899689281	0.674130226729344	0.5537159576899627	-0.34534479764051346	0.35817259493812886	0.44906787428422174	-0.037800472104524564	-0.4081498986208903	-1.638992275829956	0.4148425463630873	-1.8400792995678354	-1.9576913638273106	0.64189732769864	0.3994768170713932	-0.2794691929659577	0.790770096209038
-0.9963241274278517	1.8393215532399338	1.3829256266991676	-1.3115863699414763	-1.0303159344349657	0.45773675290972593	-1.2185729767076205	0.0667170990974841	-1.5402409313321763	-0.11314199000866554	-0.01554729080447039	-1.6130641727785016	-0.6642601829031511	-1.4502193319992065	-0.3336842294272674	-0.5617774593851168	0.08767688958437166	0.33308227700322535	0.22074636471277972
0.14667083874713058	2.4405705582701107	1.0517827436961045	-1.3407906408187782	-0.5943077456261064	0.25706528001903733	-0.6142179032261981	0.4289449172525737	-2.878418373424496	0.06406913249810363	0.6007917915382811	-1.3900724447344066	-0.5724412925334461	-0.4692333151419331	-0.2537719456709891	-1.214422144844246	-0.10665368405972744	0.7536087113264242	-0.46465645119541354
1.0273516704587191	2.32151730475018	0.7044471941341784	-0.24603960712552236	-0.17488703322018226	1.0875874191627588	-0.47094831910344354	1.0577751554025747	-1.4680337211513952	0.05465567298191699	0.25247490988315247	-1.297070046151863	-0.403320479284919	-0.579374304494652	-0.09025184625863278	-0.7863417205671842	-1.36141703247428	1.1017954566635302	-0.3207099299072733
0.9636997623766538	-0.2561627837773465	0.20393215739034545	0.3092908692510761	-0.07164265497807697	1.4427867643552	-0.7540012820355004	1.5070168733371028	-0.212856681050048	0.23788070790267687	-0.5769402806393078	-1.306144448367445	0.08058467269269834	-1.0414438953785108	-0.150249683805321	-0.419538823450561	-1.8430934961693588	1.5582356853359685	-0.8466006663096075
0.8276696818220085	0.09954619217600703	0.6183858529320555	0.5491969219863951	-0.6404937347029069	0.8354738556967869	0.3736272628702326	2.046144198120632	0.9703013057763825	0.6661818680011993	-0.5494788277889046	-0.9739021556667231	0.4023774974816039	-0.27200343895056833	0.30087451697423495	-0.3998374566091091	-1.4194394901997567	2.5286779648619926	-0.7054168237863305
1.1218589786334503	0.9522327497593964	-0.4854520955730205	0.6726806748266061	-0.44827476434486574	0.5016062936232178	0.21333385055718657	1.952339765834452	0.801548362814004	1.108463150440887	-0.9175734711176626	-0.6175347795089614	-0.16946461461400136	0.2762288756305881	0.4539261838046572	-0.14610007148107645	-1.8134266868088287	2.5507921561832543	1.8399987334431744
0.6060661479215861	-0.4651029127658041	-1.8732529030001932	0.2736671971228922	-0.5759799277559802	1.2910253055843717	-0.21972963140834814	1.4012845135500325	0.774794627405482	1.4749573163540273	0.7293955174508312	-0.21094943962858448	-1.1987126461584026	0.10714097541228801	-0.1450817660806795	0.41842663820517106	-1.6209516300379707	2.2491921660330716	-0.5840038064931713
0.6374443298927133	-1.3104633979636733	0.2649714600160626	-0.20049014424101705	-1.0437610967487454	2.092520698518495	0.3424443885980615	0.19412167079175668	0.6510168203731915	1.8184590298191374	0.6018056240651087	0.04786702336739273	-0.16270549888070118	-0.2029707239866711	-0.07891107320633468	1.0309253173028219	0.9454209422550734	1.632957163090967	-1.107307067846461
0.6748086529463965	-0.7890700180140506	1.3029392913000517	-0.39369436732169233	-0.037585384100450515	1.3079183601476014	0.779148640666447	-0.9407902945247602	0.9149661592221114	1.8833009111850292	0.35238531963004827	0.01707731161496054	0.16793449197715637	0.18862636682926254	-0.21186919606323462	1.3046952075498564	1.515069598752154	-0.36804556969721647	-1.1344139916092904
1.0799515719696766	0.5909867186190527	0.9320248176502265	-0.9467780995048046	-0.6875722411010196	-0.3046129574340684	0.531080421604278	-1.7364619870482183	0.8700260284012693	1.659404424447229	-1.3912008993300211	-0.27577049400889175	-0.022670076245789587	0.26716308448392134	-0.8044370895201579	1.5543568535889152	1.6749022190156635	-1.3602285900319964	0.2899741332594732
0.8661425252246265	0.6542544114939977	-0.6756483203278076	-1.1350492085768495	-1.793868945992448	-1.5078515987694863	-0.12972140054840095	-1.2882506278951906	0.7400265851026683	1.4594754756805843	-1.7820510410626447	-0.4554523220015718	-0.562634840351114	0.20941515216023765	-0.6158391596645656	1.1981615554807332	1.1841128378717651	-0.9874286156725021	0.687795679371956
0.5803869632438936	0.2753098050322988	-1.5298213633390834	-0.7928519311766705	-1.587204910641401	-1.7009802121048594	-0.5469333340315004	-1.3562991168548724	0.860226265492467	1.490241703855677	-1.4023594944661224	-0.3528694369765501	-0.5133047674398161	0.18349844784783018	0.3685336334828341	0.7939974085845453	-0.2966423554119548	0.20862515925198102	-0.02442549823183425
-0.0589863850744615	2.639231524344104	-1.6075729349182357	0.7216359306405697	-0.4255472083474772	-1.7073881989285338	-0.7387020836956577	-1.8957068786957376	-1.204399502316523	1.0310980084278303	0.21269132123100506	-0.5693954776098651	-0.8020170848228195	0.6118685193337331	0.8284820369689618	0.7015810028680965	-1.5651670856081887	0.23069820487354206	-0.7734562889551576
-1.43639623450893	0.5747682407769389	0.09118577516941574	1.1404635568980375	-0.6552783714323513	-0.2931673521854418	0.3354553055767849	-0.9322944998739126	-2.198988035514439	0.9756539620524328	1.3976508027489978	-0.460406018375748	1.738994204563566	0.521906762670505	0.9872804800019368	0.6518981872285278	-0.7346704195131191	0.788142505027454	-1.3094653993976906
-1.5766180093279656	-0.09491000878017035	0.62162332510873	1.0371140085702912	0.19753768641724073	0.4491703065833413	0.8566935539912935	0.7908182292833384	-1.4533403131937157	0.9478016875422475	1.1042842647899813	-0.49797111973264896	3.234071471328335	0.19933937468921406	1.0446690951336677	0.9780035147244879	-0.7399712551925454	-1.0043442560683118	0.07690555866420758
-1.9336376782012952	0.11456043512426502	0.44704908682331984	0.8551388407197847	0.5251246753060629	0.8804639253823355	0.4774508964238941	1.9113223981513312	-0.6148268606190486	0.6052950563364657	-0.2313110051559364	-0.9566565719645472	2.8555261213127507	-0.6089825023073284	0.4050180822306158	1.1642185527889712	-0.0448665736279887	-1.851850497054525	1.1008305812234136
-1.4791465769430807	0.27252777828756175	0.06878656032699589	-0.6217670273036416	1.0236370757702102	0.7811674258151622	-0.5755533528049203	2.1203507704335665	0.05019029168532348	0.4075578682120453	-0.9355078239134983	-1.1311740863855941	1.4717503013043756	-0.5683475851994036	-0.23323932954588414	0.29705792471935655	0.3558512870414982	-1.1074240909275943	1.3065857086503627
-1.367374508990554	0.025212845292100633	-0.8105875539899152	-0.6348200347762654	1.0318508231353303	0.8610880757696672	-1.2436588376440625	1.8273204658822473	0.41104396210964206	0.2820144070784163	-0.6232973981967006	-1.122427480687665	-0.006149326083798782	0.4173687600134364	0.1382239266373799	-0.8522680584054008	0.6509769360493798	-0.6603817327303665	0.6753802130222548
-1.7309021821997876	0.2512691523818637	0.187166487295404	-0.7562846264370151	0.9652848753613376	1.2823340525419777	-2.2628645952652953	1.8062886335107162	0.8952057476720569	0.1852744689334849	-0.4300068841371536	-1.112068806762843	-0.8953682061886999	0.9098184196686327	0.7348877952883296	-0.69205465723799	-0.04879460716467666	-0.5754829686493871	0.3523354147421651
-1.125022798374705	0.9021176261995193	0.8994479763773513	-0.6747554763545538	0.6482092652383101	0.9834901701496037	-1.6975415408745835	2.228586045668092	0.6518638020105342	0.21813669104917688	0.6911150643489921	-1.0997922576091241	-0.9414725365542556	1.5275695192667829	0.39836584197275826	-0.46569538421806006	0.7585200518643095	0.25402708408089447	-1.1123585958514421
-1.8172241680015357	2.4737898664365345	1.4086368017017445	-0.8849560815877416	0.315050185463658	0.6554448605104547	0.16651269671144808	0.9673357198130089	0.39124827398037215	0.6964878424398145	0.11860067620859839	-0.7132722050387486	-0.2047782482688383	1.7559853981992408	0.0727137917812787	-0.2760647568777078	0.5098019929028068	1.5044801478624104	-0.8910205122375574
-1.846764031723885	0.7591039537567341	1.1560340926192645	-1.2231682332439198	0.25462881896500034	0.5025674449393805	0.7574788474054164	-0.39554692635600375	-0.3207220894928146	1.2111216072182678	-0.9427973976148574	-0.46446590145310734	0.1373367199801296	1.4389188833761575	-0.22821472953205163	-0.5143270002078156	0.3743275117592866	1.1096139790710648	0.6070484372793485
-0.21331148343024567	0.968856556818365	0.5948277320439961	-1.1596653717207532	0.9825639830476026	0.4798483700142402	-0.21439187578773455	-1.9254634061935976	0.3497434066048105	1.2100545914986673	-1.3643336827371402	-0.6727161221479465	0.3460729474994674	0.10460436796669027	-1.59937570805544	-0.1897564921495919	1.0835308487074098	0.25195675197064576	0.6098012705660313
0.6962870276874096	0.7403691300725331	-1.4087927415900956	-0.7514480277515779	1.5739310488284461	0.11649054797709295	-0.8753243490101785	-2.3941979256967043	0.3451837848213922	1.41919087159971	-1.1215435165443808	-0.6727711606401253	-0.16535913389514967	-1.6798476147559211	-2.391492167499883	0.4355804522133512	1.3956983525810789	0.1278876590826906	0.28316872312386987
0.37819005204998685	-0.17662894700781032	-1.7451378388795353	-0.7988279325951249	2.038111997580025	0.32805218952814047	-0.9414952628592443	-1.3401246221202625	0.43096217645530593	1.6271691910726427	-1.0116320061885744	-0.5219727293176067	-0.2405838555180822	-1.8771572218911716	-1.5595215727513325	1.118789691630345	1.0455880516227745	0.05705139974665351	-0.30274960453070954
0.910047184897273	-0.5279436422602645	-0.8822088828562453	-0.44074755532019977	0.5532347357601105	-0.00015615934920611745	-0.8430738598612737	-0.2579474142487449	0.23942847832013542	1.4665395013189915	-0.8127003298827152	-0.6352947832875033	-0.34618730732981584	-1.244751972270461	-0.9815941246241238	1.0656553242773634	1.792106547854264	-0.21030697102428353	-1.9380244653477166
0.9247048930091364	-0.7954016974588035	0.2622348567192346	-0.6162490455660077	-1.1787872790523608	-0.738036265684645	-0.6221404904036019	-0.13042246501170918	0.6538559024104749	1.4773742447586788	-0.28056376530881794	-0.6760506154431453	0.25670828330063084	-1.1357991444398507	-1.340448630796297	0.5924440607789069	0.6334477068755708	-0.023496833078208195	-1.9991352343025848
1.0662114501914723	-0.6518091987090823	0.839329228155645	-0.5442254913452996	-1.0010186018051037	-1.1221999698451215	-0.5797452828572954	-1.012284095695799	1.059288508649182	1.6555280902561078	-0.2992732632594267	-0.45792632744170286	0.7395811995730114	-0.9575830636682666	-1.4557943642445654	0.7660564562138077	-1.0091258899469189	1.0438594815071873	-1.6486638943479297
0.6208605800733461	0.025340403967709802	1.2553596362610389	-0.47662505480882067	-0.22691644024198582	-1.6302964347680153	-0.8400433107610404	-1.8501667918857658	0.0008733012771795979	1.802319048773578	-0.5228137143098769	-0.31300320538625315	0.7410150967626978	-0.4821051165445236	-0.699239164506138	0.5978666506271992	-1.4583105596337194	0.6796895611581338	-1.1587134973902518
-0.7703336895648085	-0.006696504498523189	1.1874691658955325	0.15564602841159608	1.5977374436934793	-2.1590142365913936	-1.0934365759662399	-1.4164050471523162	-0.2999023754985927	1.7042942068330247	-0.8731228719469797	-0.4794762291426155	1.3360545269575455	-1.0872844950811846	-0.258272308639226	-0.05089066122932079	-0.0705760808830096	0.42806299806556714	0.05154918184878751
0.7048459339469414	0.7511738250597783	1.422377737552432	1.4320628756254727	1.5198320650229116	-1.9918659695595782	-2.2799704800808813	0.08211080527460626	0.6733118242840856	1.3158758376389776	-0.5223808273884792	-0.7188457562562397	0.7884167212110478	-1.2700937259074019	1.0257355123092613	-0.1676880999446253	1.1325579666375043	0.03343026831549052	0.40253169681283985
1.222091009115576	2.827449164910914	1.0535347229165637	2.4875878977500485	-0.27371800731686063	-0.8996076091079684	-0.918667768382241	1.2954411106986483	0.0634633527094518	0.9165983624902284	0.781914017779476	-0.9045161599554259	0.6050445651149226	-0.777014578823148	0.8431812144977454	-0.3181910068380388	1.6302779781014558	0.72071771506043	0.1180608880821258
1.8672474462687183	1.169171284987695	0.43406725467644797	1.7753560231671675	0.5355751825912779	0.34298056759010276	-0.14999445645473042	0.8674351010477107	-0.4927697259813794	1.17359019500324	0.8291356371580029	-0.6361544286220098	1.330181785048632	-0.5579016794664783	0.5727030931305112	0.07133059920043819	1.5974900003784684	0.32160515493700614	-0.5398526708299799
1.5675001383111717	1.4207968576483898	-1.3461142784940272	0.2558882987442654	-1.4625707998102415	0.32953383913921114	-0.29492344136301757	1.3891630829461123	0.05471816027486941	0.8625535650504821	0.3636874947330541	-0.73853268964217	1.2071539472890678	0.6622260245977709	0.4408979513835863	0.5696357780252511	1.0399622475347707	-0.9914079027898958	-1.472326149431782
1.0619740508928437	1.2302554340920218	-1.1103369430817842	-0.03543487937370846	-1.13807210141881	0.011002340912963714	0.19642604844333855	1.5782687978735215	-0.39225171732988695	0.8629591584310221	-1.0349807131681097	-0.750113189137837	1.7028377262209684	1.6529151091011953	0.2220599813136129	0.1817116351534358	-1.433197819426488	-0.32545891335333227	-0.30999718115700864
-0.4079660477374559	0.09521488206811919	-0.152797225690243	0.09889621245622009	-0.8939695753853141	0.28501464593664694	-0.8111543663309241	0.6990640425686369	-1.863716327540783	0.8971301380898073	-1.2624479508504665	-0.736414078687137	2.059977205818087	2.0118900593192164	0.22428283563497814	-0.4576167694253647	-1.0234355278507807	0.49942114017785155	-0.5514969321874251
-1.5523469980800695	-0.5738870196291794	0.46124253519416153	0.7391228994102171	-0.3344603114927465	0.668239383349337	-1.2266791399852959	-0.6516609735167346	-1.5651335981400163	0.9827399505376564	-1.0191915565963356	-0.6692959520513108	2.4982482748155963	1.7332680232465123	0.11601059543988158	-0.8156812032738504	-0.30973640222080273	0.9207093361445587	-0.2996860053470705
-1.6655571255005326	0.04849068944451956	0.5299504311226425	0.5296762534384373	0.8383004289498348	0.6526834925797611	-2.2203387085510853	-1.804087755439496	-0.49528591679084505	1.0058343233010718	-1.315902629902028	-0.6584870151888141	1.886726072644023	1.4753620262887417	0.28078744200988165	-1.1715783763437089	0.06676824730840374	0.4298803524312428	0.6235310845700356
0.027269176876528096	0.58352112137236	0.3182077274243578	0.3683884803315722	1.9570921577385174	0.7223279932601517	-3.609167645980852	-1.2580590149768625	0.7797105355826479	0.9227140235039698	-0.6799743118847013	-0.7222563284159361	0.16676848117796833	1.5452874433220876	0.11178970848103113	-1.2870408064125047	0.7567329719945947	-0.35527566379432823	-0.42635854545685775
-0.26369165728933736	-0.5195587753073414	0.3383713026817004	0.0831847336007195	0.6328281473673736	1.4400622041831728	-1.4501875903298678	-0.16928889984215972	0.7427458997916807	1.3541679461825684	-1.1900649694179861	-0.50496431055716	1.9599473962352103	1.7486751775974847	-0.3550207358345221	-1.1683420313701474	1.2094015136042566	0.8260358144863977	-0.5399060265717073
-0.6077760321497025	1.206078204047095	-0.37789099520589203	0.19557563484756377	0.5435932290176524	0.02669277415166541	-0.5092820922996003	-1.5796439173221666	0.9502438724802781	2.150750655410352	-1.3457084748957533	0.21480837274871145	0.5987246146557673	1.6541508239197777	-0.6815205280968002	-1.0777740739472037	0.8155317223743159	0.9138882648505385	1.4098483178527108
0.7522801767572496	0.6759413626529102	-1.9496625729622818	0.09047924183494434	-0.5691660847164949	0.36040607103748823	-0.9273024986358681	-2.2343230866676085	0.45763802713372054	2.3867224229852098	-0.043450241168298764	0.425148212842154	-0.08685885307258166	1.0824366023338248	-1.2675005864818174	-0.8974748917819044	1.207484869365154	-0.2652999721066238	0.7118812387169927
1.0909689254949102	-0.10129618304117681	-1.6353680149327368	-0.1983583079262646	-0.4148244244458902	0.9704487580264706	-1.3039419962004357	-1.3317131326007823	0.4281775600580413	2.2730724617287605	0.9273160436980797	0.28356177504184576	0.08077858867275488	0.6797428976987354	-1.1353446971197072	-0.08106733462556256	-0.9017075188716634	-1.388212021460185	-1.0753424179535582
1.3100468840399904	-0.7367081161807963	-0.37082279489018516	-0.09313467460813667	0.439141196129966	1.4734534122699543	-0.7405821129070916	-0.18982753885973896	-0.3289385624628221	2.105763043399974	0.6056143225332699	0.05341463983111817	0.3192269677560573	0.05985111826465427	-0.8262498262823096	0.8442383939368595	-1.9061917536277901	-1.6407581605778143	-1.79258740467638
1.4318649787968825	-0.5255595069798276	0.6895954480977186	-0.29103568425059245	-0.09318173962003268	1.1048056341798926	-0.032667267616545495	0.7813255005952079	0.6237196453718151	1.8512124428036538	-0.2064290017658945	-0.20565764006529857	0.5095733428140372	-0.41874636111437935	-0.628227366927921	1.461207881863436	-1.7719474168392992	-2.38855325021348	-2.1315843807049464
1.15130569163404	0.8986976851464097	0.6987715252389444	-0.6682668502783432	0.08899514761354763	-0.1847425740221272	-0.4559881149942567	1.2359662073325224	0.04634308935275571	1.2294418070064312	-1.9332523138275233	-0.8432249997159462	0.07472042074557711	-0.7739474399613735	-1.1930614440311895	1.2424598213755982	-1.8333032178235917	-2.721938782748425	-1.6126959853423237
0.8121740958923032	-0.28819823097777	0.4323074940838358	-0.7055190555308681	-0.014548919073492015	-1.1292821765717602	-1.0319982647859252	1.9253921697382308	-0.04912949949292188	0.7836011205543035	-1.6309137193446148	-1.4985181296193282	0.5370058731304302	-1.377169313648933	-2.25181790876095	-0.0944811855561101	0.7033354454749569	-1.442221769880546	-2.0981061820030193
1.192260838390068	-0.8653934962123173	0.6627456305130686	-0.2877232620351935	-0.632578507971916	-1.3511344787461168	-0.9683452566344964	0.6831541348406788	-0.31203389236936013	1.1594356435692703	-1.5405952463191868	-1.159033219474015	0.6860524583568719	-1.5543514908177765	-1.110455791699212	-0.1396509525429197	-1.3280157149632006	1.7715778988228865	-1.5801438808754835
-0.6680800448870048	-0.41861709591385576	0.9078111256603574	0.18959491353623176	0.6330871680818466	-1.1683645497654647	-1.3426414160628524	-1.1802375978399553	-0.9768399246013219	1.7457955135372905	-1.9207936971487105	-0.5889765434406902	0.595520662256877	-1.240061040539261	-0.1127801389295284	-0.2397291420537915	-0.34929642599259036	1.3852029095448029	-0.856247355661115
0.6645318896273663	-0.04058022192638193	0.8615568069906183	0.372007054681472	-0.7690411397067243	-1.262288129031654	-0.8806800884489555	-2.203097924720566	0.3506809883342932	2.004211912672646	-1.28836128744042	-0.41890880754624427	0.6736927532247546	-1.2645074686317423	-1.1596495340826618	-0.6544264746669183	0.5814828715756349	0.6575375086473855	-1.6667246559680189
1.163494093093464	0.3278208414911312	0.36713226104257973	-0.23040277936255218	-0.05700638257598662	-1.091057795118873	-1.4064923777291027	-3.003992118441872	-0.5062472126882522	2.3139028072104897	-2.0224629582908755	-0.271105845750046	0.7994892686505983	-1.2614715338325768	-1.436870874285018	-0.5391685244583354	-1.619561061158856	0.9723659505196729	0.3543595008558612
-0.4752316327756074	-0.5085233867959102	-0.4176083287021809	-0.4495684398907474	1.8459626064954968	-1.019396953252152	-1.8763595472837227	-2.531930669201433	-0.7595825765719945	2.327788375137715	0.21786254818341136	-0.26963568354107426	0.5087054112708702	-0.8764847260227588	-1.0465681579753259	-0.5231557563358645	-0.5360928814350646	-0.16587570383361724	-1.7156898664164406
