ICA_00	ICA_01	ICA_02	ICA_03	ICA_04	ICA_05	ICA_06	ICA_07	ICA_08	ICA_09	ICA_10	ICA_11	ICA_12	ICA_13	ICA_14	ICA_15
1.4648392570532345	-1.4823706548472861	1.3029594508494522	-0.5178957786129224	1.632736903429055	-1.6122018898920711	1.3879121867619069	-0.17559493892029618	0.9912697938720538	-0.7452670883155385	0.2884025051159969	0.1250410660568163	-1.2639387801538358	-0.6381047498409309	1.386615723891782	-0.13495266949704862
1.7532208432263667	-2.4345858690238376	0.34071876864239437	-0.05452383159242728	1.2915943152748752	-0.7044954624348998	-0.7720188308805181	-1.3747532067155004	0.2595304025839596	-0.5368856977608897	-0.05617242287573377	-0.026259301342625642	-1.7397825019899538	-0.6199644693512945	1.8164784197026125	-0.05216180366028642
0.9133011836308463	-0.4742382244085667	-1.3420502848221552	0.10306186924533328	1.4591050502119516	-1.945188486809763	-0.6564603972872592	-0.9117239396541938	0.4060325376037378	-1.4550011512225371	0.24532260135946532	-0.23026479213719828	-1.3165791840624146	-1.0905234558018706	1.1116165666579363	-0.13672843999256934
1.9622769744854356	-1.7655187016546219	-0.90344180195984	-0.01693745671505296	1.105782158915536	-1.0046932499282166	1.677022460492497	1.2179391519498424	-0.3507833728568598	-1.07501737723906	0.3051610541841635	-0.8817031806409181	0.120292594041728	-0.18080649407676508	1.6848119060050306	-0.045080229897249066
1.9803493771942628	-2.7905254170370015	1.1376774004470516	0.7468086424381758	0.8118115478465576	-3.165216210416151	-0.917653522236298	1.272822339034695	-0.3314620471654819	-0.11955766808988477	-0.8035920672336895	-1.147814024931051	1.601283470093101	-1.3200762311511236	1.3757821660890297	-1.189149272274066
0.2670983502238499	-2.492679267930922	1.3552415823691448	-0.1411448974624071	1.994408096107551	-3.1184050990478704	0.8561736334216109	-0.8297610268146737	0.08602682891980598	0.2869469626565224	-1.4724814129573212	-0.2582599364530881	1.2866406605257368	-1.234531502268378	0.5805511399078593	1.7989990163499616
-0.43074710585354115	-3.0215714376483263	-0.8160015873738456	-0.11238377963328812	1.9235289366363961	-0.9272066800590116	0.5381733151291886	-1.251367493428006	-0.41005991817509596	0.9404646474422688	2.249051819225617	0.5594453403234264	2.602186368223996	-0.7841008905435548	1.2672953326586762	1.9889016001201334
-0.4159387772536795	-1.9037523095856197	-1.1141106524055688	-0.5956043453674857	1.7183982477276671	-1.7959723661100013	-1.3713754033548742	0.7812156360630932	2.9078483571297506	1.4365488098238115	3.592817660157603	0.10692537607073767	2.442045173897766	-1.3258311906151925	1.4342731021308464	0.6712403357934259
-0.6077430260950297	-2.3386511533309284	1.5586660282396159	-1.1841352501968772	2.1589852081342507	-0.3220068758377132	1.493492041851127	0.5616140881539473	3.6968331534346093	1.4033629039939837	0.5622718541395751	-0.5934644676065757	1.0672225187262003	-0.9810122500189294	0.8782358685533922	-1.3978893788231062
-0.10167018511754049	-2.9472661940866653	0.1220555718895142	-0.5412877657191639	1.834730124763227	-0.5417094343202317	-0.6212109797691415	-1.4677494401367879	0.2736463942763649	1.8376575886515083	0.20157351595242734	-0.7461458958349934	0.5600947369428354	-0.6968815783595782	0.7116268659051604	-2.0326206741552237
-1.1268474682774894	-1.5017188687259735	-1.4468048800723607	-0.06123164770688758	1.2649722085185588	-2.4063571150756733	0.2818873290918282	0.3336032751048362	0.10252618407666599	1.828596920781933	0.13868692458898488	-1.0558359870785992	0.0773466562936277	-1.6209924331041894	0.6242841495689263	-2.2256620665158513
-1.456883211426978	-1.995955345554055	1.1117068652086493	-0.11378252217830889	0.8877478454894386	-1.1434625070094337	1.4454356302321576	1.2343992882607988	-0.8261957105660118	1.828418248462345	0.24358895381945378	-1.2265363187853089	-0.07025410882717276	-1.3048326111524393	1.368475083880078	-1.9309672723994988
-2.0592718670322796	-0.9585379490065924	0.9709725861585085	0.449401039313105	1.1155781068599055	-2.1474724315738016	-0.5778252386345596	-1.0391210926921675	-0.10681037694641152	2.1987100763486005	-0.020730634841519047	-0.44131527710358986	-0.901209346243664	-1.6195061144490688	0.9327883392624461	-1.842200558498806
-1.6801960724886849	0.28900938103940127	-1.331057707000643	-0.24348172288201775	1.2206548197748657	-0.9146552463086652	0.3159638153993839	0.1293844422794244	-0.4162339599637849	2.643427459215906	-0.09411245848502153	0.7281032842114532	-1.0307027713608217	-1.1041864920547177	1.12058471992595	-0.1395668498564685
-2.025572753541932	0.18528596974571027	0.9535852677227193	-0.2895910547244254	0.9872351369839772	0.2390132653554322	0.5009378472867246	1.208820708776558	-0.7553171048621234	2.353203732698877	-0.07142598516072947	0.5613882742084828	-0.6151559065682148	-1.4026962844471775	1.455416565066967	-0.14701039175063912
-0.9134818603405463	0.6876634111137283	0.689760442664578	-1.0353486596210433	1.1669431716707366	-0.5172342084182434	-0.6000666201777164	-1.2852410679044977	0.020607689049155605	1.5794521535004864	0.11889256062097722	-0.3260128471781429	-0.9077671970809292	-1.3000769222709203	1.2060692649504583	-0.32059220901363256
-0.9144953429367293	0.6318113851375716	-1.006071197402149	-1.4154778157470913	1.0871711147423397	-0.5184165682604506	0.1847937235859671	0.7480465338653904	-0.9162888124540344	2.4180203428149185	-0.4625619057976317	-0.3140826115072848	-0.008162874315082422	-1.252653886756389	1.3705987711542242	-0.12838760041333844
-0.22414519421202314	0.7584563014222666	1.3558418547054678	-1.996496170281806	1.1871713254053329	-0.4820799094924959	-0.018211743499394265	-0.7272382630049748	-0.34980277085923767	3.0378613478319667	0.10577108417917007	0.3069022337676245	0.1375882296113196	-0.7514075510696503	1.1689558070670367	-0.37621537327320986
-0.6016769764350899	0.8381009018597146	-1.274034142794535	-2.6297549632041415	1.2293021173231	-0.27934799886243533	0.5415631077797004	-0.34739322308117626	-0.4058165591600901	2.0047962727770106	-0.1568098100990241	0.0619632769845511	0.457776269525778	-1.0995414847939078	1.2510960266038984	-0.2565956354010723
-0.1455738695016922	0.37596485701979493	0.903680310212145	-3.430189432001464	1.2366880130070426	-0.3976697188866019	-1.1869328991069514	1.0817217615910801	-0.5934537072855068	0.9207916754187228	-0.08721753467829829	-0.40388939556873305	0.6482280689512314	-1.0738903663396222	1.333680078382841	-0.40594057139504763
-0.6194570817794165	1.1836837767103379	0.06376031395281266	-3.09653456518791	1.3004679155400625	-0.63711973533368	0.11816174591410675	-1.393311022805033	0.15440241667381116	0.05719985013816112	0.09361388609453367	-0.9402414352300483	0.26377308829295193	-1.5513864303292118	1.152945789024782	-0.20300888340131706
-1.0876828941974648	-0.053170546637377414	-1.3870394608344458	-2.923741417959109	0.8272833130990582	0.4212920572655407	0.05698514228973274	0.3110453107633672	-0.886200325128229	0.263134931496333	-0.2843595008685794	-1.16402639390125	0.7391764503748828	-1.3387125688335384	1.7782020522767459	-0.3500293530614507
-0.06840026510480199	-0.681245315244948	1.3327655197295176	-4.242988188184274	0.9295427061160306	-1.9202028846019408	-1.3711888762055535	0.8707515115419534	-0.5321441887241627	-1.0481319668500946	-0.13788843066239204	-1.5039853253548767	-0.026767276469769563	-0.40958084806223943	1.1085381891630626	-2.11495516175261
-1.597399753243339	-0.495994338673527	-0.3822694989869923	-2.988203541722626	0.01547885610149744	-3.3606349327392215	0.9610216252336802	-1.2584565788767286	-0.6193051760867976	-2.3328441181774293	-0.782842043292684	-2.1762088096503613	-0.7567976458066407	-0.9623487347778813	1.8928658395924052	-1.092294079249133
-2.8912037445051233	-1.0856038946933166	-1.638480684377438	-0.9137308586560685	0.6792492105456575	-1.0845239503163937	-0.5650678083716482	0.0104850616513775	-1.02935194720638	-2.6729865988592714	-2.121154388379353	-2.617491354399482	-0.8944773518081334	-1.4832659758075648	1.9163674919804143	1.5936129292762609
-1.5483008069904987	-0.6003039991289714	-0.2774730047304678	-0.31899241919646365	2.0557405604899768	-1.8367702997856448	-0.799001026108908	1.4921175447656425	-1.516526411795967	-2.319723602808696	0.08785072719920084	-2.6787457403477264	-1.8829786803696325	-1.2941409109517092	0.48187315805834435	1.8611625349922007
-0.908619877542582	-0.9175558452826125	1.259371548681234	0.6872603341377447	1.482777535142162	-0.5657918238881379	1.4176746343674405	0.08584448739333633	0.48650787040308563	-1.4461552603109944	2.3855002614591703	-2.2940850684133083	-1.6590500133344295	-1.530469047884971	1.3566905742196596	1.0699777174701242
0.3629667543660945	-2.110874121160128	0.6675001029939981	0.8976524235212879	1.018420181539001	0.3435638332601606	-1.285879693244456	-0.9848656902989068	1.6535584821978493	-0.28497175892370474	2.189310982712664	-1.1859352083531385	-1.0447622129358312	-1.2916639976714623	2.0209338801832457	0.6697557336637596
-0.44917206449435637	-0.5892842824138425	-0.6316540194726404	0.2670602750202167	1.7179142842211428	-0.8972289771758453	-0.40781202284819046	-1.2740743098472294	2.389543601245852	-1.0470123410786227	1.7026713559905473	0.02844176126786955	-0.43964226698954717	-1.0245828749270058	0.9269387045063425	-0.2514604869616222
-1.344514217835194	-1.6481986667146609	-1.299674035562023	0.8330425549761256	1.4197600166177464	0.5644352863774171	1.206516582199979	0.07039814089382264	1.827882287103752	-0.9388040357411085	0.10731286246255635	0.9568734735157517	0.7891061005983175	-1.0151790636607891	1.0674427290863129	-0.7935585735549485
0.4609154194608513	-2.0215318860031655	-0.4853989664293849	0.5976076934514403	1.9402814583924197	-0.4537095812402283	-1.590959416263271	1.3405944372119376	1.8226940248260248	-0.21065337935436176	0.3859423390998537	1.4913338321229996	0.8571038971418881	-0.35163358053921484	0.4670438015353579	-1.7097592242561679
-0.18815828519149808	0.2492694843817618	1.0393567522524203	-0.0375663540248503	1.4159405338715825	-0.7262022110357094	0.24832023525286404	1.202694987927975	-0.423349885931835	-0.5717537720380577	0.09277016887464729	1.6694007947807703	1.2920117896106103	-0.6799670789958292	0.7900514216295093	-0.49146747369260374
0.5789381267327866	-0.508623173447467	1.1637845737328945	0.4685006469264836	1.1132202380290601	0.3572265707814581	1.3039893630136608	-0.048363088984834005	-0.6072253765023317	-0.6139269308707449	-0.3833764159265011	1.777321771556232	0.9121068190334162	-0.20666874598215526	1.4075327681883123	0.1144569222724487
1.2120003101255798	-0.18760236568961317	0.745590524087996	0.7861334877070006	1.209328585174397	-0.5515052446455719	-1.7185619375247634	-1.3816243237497907	0.0012841246182387412	-0.7294127218028469	0.2567911626468229	1.7294866549102146	0.1800378212125271	-0.43669654675199937	1.1917425321268666	-0.4688973732935768
0.5721529031198235	0.6416493130850898	-1.3580226244450462	0.8139547492054303	1.4172830756343882	-0.6534985708918741	0.2491008779545679	-0.7855173139455285	0.24830376209592378	-0.36472346259444094	-0.03399274439556172	1.8324432555850014	0.07872390185745402	-0.6027043818282699	0.7823224397430798	0.05730669103910275
1.1678189852224028	-0.2817726196056008	-0.9449907791359454	0.5654611233962736	0.9472790280095729	0.6761836993320902	0.8731516117113486	1.114349071592291	-0.5485580638691826	0.3728175330580539	-0.10701211614977996	1.9483234964461855	0.09924284902163091	0.15152935150107802	1.4851648967451772	0.1442838239868362
0.6174349419932479	0.2886079923800119	0.8218392049375034	0.5138184448138432	1.178510573882875	-0.38130742795368666	-1.6609839572762586	1.1466458433910687	-0.33526101034459976	-0.15552077807638684	-0.1772800595962048	1.5776899783063794	0.03623065016829491	-0.713571386781146	1.0541722825042321	-0.41674150119210873
0.2916964215373749	0.588758337645953	1.3365914336753106	0.29881085573812066	1.1203769454643913	-0.2094613263996654	1.5252949032707015	-0.43317566307751376	-0.07490567577976555	-0.7885421581914714	-0.6290967084770688	1.4522340288017122	-0.7018897922785324	-0.7018319173305485	1.0808455556731547	-0.16820744726689174
0.7361228661454849	-0.28395624506756134	0.1461564013513635	0.8285727297267909	0.754444914153431	0.310778287602238	-1.551016736197688	-1.357895680545664	-0.582072751858488	-0.828494346586371	0.07596175103316884	1.574214810419384	-0.6613125553017652	-0.825705852761693	1.6271139810469488	0.33302838071623914
0.8627273071298556	0.7495198895529523	-1.4014079914256372	0.6643970597047567	1.241381520711387	-0.9002792481769342	-0.08472323863072952	-0.7649252263255352	0.15398163770833936	-1.4245765014757479	0.05342261867254498	0.8147405409500353	-0.890085919884589	-0.8254751888858584	0.8854450450029705	-0.06541181585624428
1.7848147754368116	-1.733068534159623	-0.9980125185957065	0.08075110361142933	1.2952275789345986	0.621635906589393	0.7917748370290156	1.1201035118258813	2.061271675777095	-0.6021378503179047	0.2449534979362253	0.20830215999250223	-0.9478482881993163	-0.313890796789697	1.3080852302950308	-0.7335523735125653
0.8476260345618502	-1.6998138154763514	1.0252926779950666	0.3663311919923569	1.66065399013812	-0.798227440597221	-1.365073048324801	1.3826296762273356	0.33994558843230227	-0.6910264399628983	-0.31421622942443406	0.6774457835442208	0.15802011808471517	-0.4600988196731876	0.26837230063932027	-2.288159057382322
-0.40946299062796887	-1.005585272577399	1.2947185886922252	0.8119742858081941	1.0639567961723368	-1.4767110033942092	1.145920045179031	-0.8477235393477232	-0.6013864097138761	-0.22026331515966877	0.39886553868745833	1.527272193704634	-0.6112539282830394	-0.03266443129946439	0.4263260319161489	-2.373313058792106
-0.03614398403622155	-1.65633520443257	-0.10542492525452991	1.2100006586661962	-0.39170455679668	-0.9415820414962716	0.9087326167208655	-1.2408377235478456	-1.2835503439430647	0.30776974603849927	-0.48603826451380394	1.6233507943958987	-0.49540562257111154	-0.2190765046426773	2.032024546888475	-1.4092722321975375
-0.5252967890955372	-0.3928300450933299	-1.387113905399268	2.0021133178532726	0.39640223942663083	-2.783598988704477	-0.8732775551512569	-0.14433088173641434	-0.6931967043642249	0.4503800914335071	-1.723754308142853	1.2743534111814248	-0.4546956473950915	-0.9046704381608263	1.3145845701262517	0.12387175183670894
-0.5807294590486718	-0.3370612507730709	0.6165672405559013	1.4061480323911342	1.646443937865575	-1.2681797387995009	1.1019612128649565	1.3724557912371032	-0.4707366965382726	0.3300375172972833	-1.5218338061491665	1.1963905742938115	-0.6044406376669087	-0.4050445432642663	0.45743132307178747	1.1796095459594482
-0.12132901014012946	-1.5158420040118092	1.1803452574837345	0.9051403061039158	1.8507906770263371	0.002462592247209547	-0.6624983010596166	0.019820159221442982	-1.5050852018337788	0.3316308762087285	-0.031671491367358647	1.0952059323717784	0.02166044030716711	-0.30046533636203	0.56873628843497	1.764588992158655
-0.419565736185466	0.6381592124258322	0.0643922210169251	0.49797393335499696	1.317514470109168	-0.8069149012529071	-0.13362760380805336	-1.6815830883648681	0.1718761232916779	-0.6842903388074058	2.874987252656313	1.2739068699280083	-0.495135285429937	-0.11225181128118253	0.7941669895488251	0.7514892250935498
-0.6741015511343852	-0.02492307990949912	-1.124325830259497	0.21383934896131224	0.802033462233445	0.4047520207550641	0.5973721256760345	-0.4047957008943908	1.5056312929728455	-0.7801345565989908	1.7825185836375443	1.857272724085057	0.0976089319485394	0.19562642709929093	1.605958057836651	0.4594386262620602
-1.080247452453561	1.023793687723015	-0.9370396816105855	0.3540276285990437	1.1133093350291607	-0.26199767564007703	-0.1452821193941889	1.0540385223882116	-0.2843084059485236	-1.287266462674437	-0.06533583873017977	1.7515630304641951	0.8427648815262906	0.12517532876156576	0.616749110897366	-0.2696347166445429
-1.3849395293578792	0.6052717506558764	0.9744618291101452	0.5749137314962005	0.7854948935466454	0.5046296175079786	1.3857239621453346	1.2695836313846793	-0.6356412821862427	-1.38547114532942	-0.2823370847723387	1.1023855722141616	1.4539545544960453	-0.390819186749238	1.116882974076319	-0.009907808270376734
0.7310497428579043	0.5353612629629451	1.4738016708614126	0.8996666867533056	0.8529365643319865	-0.16506602661829264	-1.433195670854108	-0.5234451120951397	-0.43635155096722744	-0.944391384969968	-0.12129129022405455	0.7452431183346111	1.1469290383626216	-0.3546989264940892	0.9548132534427709	-0.3035627963812867
0.9400385162801125	0.9235703987853678	-0.602345766257225	0.38111172644470465	1.0083870059730382	-0.0673296314628637	1.2133635293795906	-1.3307121568183005	0.09672078214252561	-0.8869511083466773	0.1384667272831513	0.6733329901348201	0.5845729469295577	-0.13206123198149972	0.9237329774410944	-0.04173098506589763
1.0738708163141495	-0.06588330047125152	-1.4127188916057256	0.24659114722233624	0.7570128282109406	0.6766318222439082	-0.9814641032677925	-0.42652587615184434	-0.4375452315843026	-1.1828872346527748	-0.33899223692753927	0.2776354084818081	-0.2266290422385894	-0.13432943187632015	1.3636592633387483	0.0855334903069243
0.9578820186908001	1.5565666086159995	-0.7180139145353538	-0.3415945214411491	1.0290657357417312	-0.7997915289311213	-0.6724757106812784	1.151531271536721	-0.5336070097999494	-1.5339748714326238	-0.11030933751175909	0.5589138725133932	-0.9535244513493764	0.3023825517962015	0.4465988406805159	0.018184600479579628
0.09196317481483052	1.0454515267888795	1.1679601276380862	0.07089348483762374	0.7192189337334117	0.26425966109184196	1.3596139544970562	0.8178198738532162	-0.4334884951794787	-0.744353431663258	-0.5817558226866417	0.587612048232753	-0.8527361557847393	-0.023068471868095113	0.9410242555026632	-0.0074777695857576746
1.4463030111273079	-0.11327555968496568	0.710605779236168	0.7902898353545259	0.707985457547808	0.643620115041906	-0.8675047525530448	-1.1767302050665265	-0.4440193205064095	-0.24590440250837425	-0.3054722107454415	0.5284238814908488	-1.5074671075064905	0.11891561253055839	1.3539610093082635	0.05543653650843819
0.9853144975789301	1.8198321705339777	-1.2678412534634143	0.8228239994452683	0.8736827616266771	-0.4896320883496345	-0.6261929486840366	-0.7564507370873099	-0.3802347553705988	-0.16836211558438402	-0.15024020210610445	0.5616356697016328	-1.0000988104127009	0.0069898825345216025	0.3798701622269184	0.021549415370606926
1.9040179519263511	0.036393586985621076	-0.5405111071488222	0.29880729087511965	0.8335467251860385	0.4612866504934905	1.4156112163376393	1.4596163945630045	0.9102476390934716	0.764519028946922	1.6209564083143566	0.5353448246240696	-2.1870597429481395	0.7867472748255294	1.0029321668563056	0.48434590775181235
1.2660388356851078	-1.4076311651338114	1.3228192062998	0.08509039069631462	1.2268622052049016	1.0542049615907967	-1.219173587562146	0.9393989408838849	3.3211571948966947	0.47308469774900985	0.4455378326299551	0.42322585066792967	-1.472721404007687	0.3293602208050251	0.9953668598099312	-0.9685486399553082
0.7347384703381369	-0.2794213033946416	0.5825734652688233	-0.5095143314893344	1.6271000366595287	-0.47926589958589305	-0.0558907983419585	-1.3903739363818601	0.7587361833309151	-0.41763474271086504	0.08098309041517707	-0.19011914324489804	-1.9379097293260066	0.7058560070488257	-0.28248904783293327	-2.2463274109156783
-0.6312907776705727	-0.33109629074867053	-1.085798991786501	0.45234270257202924	-0.10136045249925531	-0.6824594238205902	1.7132003395168671	-0.8343346619823196	-1.5532639357249203	-0.627226539452551	-0.3464468711179152	0.6247554827731653	-0.36800229801154083	0.6520977203818393	0.9830287927974655	-2.310642633018596
-0.4900954965932333	-0.6993868894456603	-1.0253541282173348	0.2484906088959119	-0.7051840565563035	-1.4904248811501681	-1.0186665357947364	0.632600432155254	-1.482812165940723	-0.37340235011164846	-0.428097122376444	1.6874010965826651	1.1512113272164215	1.052919729388623	1.7682051875321867	-0.9441635716331578
-1.6234605682081975	0.7007880127017472	0.491951751833795	0.732713703048809	0.2674736991989525	-1.891991078091953	0.4246393709687769	1.378962864330268	-0.018500309271631533	-0.7474375601444414	-1.4637093627047164	0.7683591398218302	1.4261513988255932	0.67745144609842	0.8854681686399481	0.5677929070288414
-0.7625326383907916	-0.5857069642259113	1.1175617390769337	0.8332133343311444	0.7638700049538704	0.17185682022065255	0.08020724361179703	0.6122736685710746	-0.4051605473901367	-1.043443759050224	-1.755158346725243	-0.39707141367404036	1.7295538145064222	0.6070341380541096	0.9719700474131715	1.2475774023467618
-0.49461977291895	0.37973026929366044	1.0886603211884485	0.6809578773770875	1.3901226584274267	-0.9825571182294812	-0.311202575041151	-1.0570352009510426	-0.9437648826435896	-1.0093385373394004	0.01070047141589853	0.15545396779765377	0.14882612028580636	0.9894310240414922	-0.11157278758181269	1.0218176169329471
-0.7914077403336467	0.28087941523895193	-0.597304388995735	0.732793959404232	1.1295802521930025	-0.3855454443716503	0.37280164049009956	-1.2671473278381353	-0.5965881043274022	-0.5199351187114004	2.01775172402054	0.8028147542613054	0.36706003080748484	0.6323520185741527	0.18536997566402516	1.2975380958162135
-1.0673128890274342	0.39147551546974535	-1.1838315293428125	1.4125735068678813	0.34183368036469075	1.1532509440201797	1.3751382861520218	-0.13873690529810964	-0.396663749218395	-0.3173909567042789	-0.033242692814838104	0.47139106596538916	1.0206599800458926	-0.140962164768867	1.0457048884200446	0.30599882816372953
-5.223471728562631e-05	0.9340979857085169	-0.4175818596510017	1.3391185976084217	0.6422946919478019	0.12109961718650751	-1.4355926122610385	1.2481786085465119	-0.21194063705745952	-0.18823962508084546	-0.13423284631135873	0.6250735816849192	0.42903477867273204	0.6729920920850732	0.4716366700991395	-0.2672961543967566
-0.18447573406028145	1.1371301150955428	1.2019302934246883	0.716111978911924	0.5492707066327914	0.7083944083943451	1.4282827549516497	0.97750218449658	-0.20878170832477747	-0.7477344843574976	-0.5540957825284079	0.837180992680343	1.5211393182547197	0.4906513816700206	0.6238549988941946	-0.15955970695884253
0.6963012535664888	-0.1389121060532243	1.0867298062106954	0.5612291655892122	0.3480033348018597	0.9094334065837435	-0.9057116579231372	-0.807258278972008	-0.690626381108519	-0.17659968402564225	-0.10203367990060593	1.4744295459901584	0.9535317857779236	0.8287607081517578	0.9761017370524455	-0.007655299177158127
-0.19676227505887836	1.8637475130369723	-0.9122036947541038	-0.08628433647009069	0.6287012193542797	-0.3770768740739998	-0.47279438567555476	-1.2214254144282288	-0.16910552987415678	-0.32893827054760705	0.3418274751507095	1.2422789650910777	0.35645438060159546	0.39667844794018575	0.2823884883966588	0.010764951385596758
-0.6912742030605341	1.281192235706019	-1.1371136840326646	-0.6130049349030998	0.32113395737998857	0.4568694062992977	1.045681148974752	0.9601263711682331	-0.3817130793706624	0.006472939987928049	-0.43091660443026963	0.5115527929211445	0.1799786134609567	0.5736466771732835	0.5920233442316196	-0.16147356712735006
-0.5848229977673313	0.5235238530654401	0.8072913112565189	-0.6349482328506367	0.2707562197044062	0.9727164551580948	-0.9521884414136258	1.2692875515194768	-0.6788014547480746	0.6645090617616718	-0.17615938442908163	-0.5490260291758412	0.7961349183314103	0.07021041060113734	1.0809245596525263	-0.05119406747522385
0.08077925359204138	1.917597164321897	1.0700142387647607	-0.762046913444975	0.5623018729371401	-0.34761206132112366	-0.3677119790609083	-1.1538775242042834	-0.2896940949766733	0.7783668452698919	0.06123876691507442	-1.0366378936967076	0.32081439185824123	-0.18943091394137326	0.3929585618267842	-0.17515658858471916
-0.3084970330591282	1.425670719187096	-1.2375761049352851	0.255386846005603	0.31095852714882266	0.510997590277294	1.2451348398921052	-0.6717035403099254	-0.2185371157656692	1.6887394318972004	-0.563207179597898	-1.0176915897990135	-0.07271089138900222	-0.5927486997275083	0.6791058470465705	-0.27635058071170765
1.4018703845255434	-0.7927668828138832	-0.45237370067673943	-0.19248290369012688	0.6925374126522408	1.0154764321149838	-0.6840854385676112	1.2872623346172087	-0.3335683221561446	3.0759846721562165	2.082137137025752	-0.8391531049762407	-0.7759719377213803	0.4422000277841131	0.9826034775424122	0.6978627511780799
0.3859248870116351	0.58602688905514	1.578436993737046	-0.6179239523898289	0.8608367185102858	0.10633669791743307	-0.6937388347920276	-0.4673116776080071	3.23577067632139	2.0116599964707746	2.2488084207379946	-0.6349492435094005	-1.0517856278646647	0.4157389070412487	0.7475307096047737	-0.20742500897017127
-0.9925604813637107	-0.3440769173203435	-0.45344618980014495	-1.0046471912215726	1.1192963377637466	0.9179456666190693	1.1734189907945574	-1.3148884723234078	2.3252650168783036	1.1035229588319124	0.1396385445067696	-0.1314900832961601	-0.994271575255183	0.5603086424068809	0.07961328226896522	-1.745175819845528
-0.935433291304497	-1.409222470908579	-1.461279161447698	-0.7222854849490177	0.7516647244105935	0.885068167652084	-1.085455650133933	0.13596522799013552	0.08616933366352626	0.3774506142029011	-0.8231401293960603	0.03977134959083816	-0.8955717727777379	0.42540386470525665	0.33420809131801343	-2.124219631271261
-0.4941637748292796	0.3788385017464424	0.6588174604755002	-0.48659320920246574	0.4764320060559865	-1.017401588921366	0.08624279661342626	1.3302225573435744	-1.2556390526213932	-1.321385814840534	-0.24030008409855538	-0.32316928181829896	-0.937808556695016	1.2505522348081923	-0.1038700868104472	-2.222033906336947
-0.5825511535422454	0.25090813714170496	1.3482936074187688	0.5725449941605112	-0.45684584649088716	-1.1049913617022282	1.5246373277679632	-0.9380415138134204	-1.5902966874136943	-1.280223263665259	-0.548018712140514	-1.0167320188841291	-1.4552728830562962	0.9904826508779929	0.6775536314793313	-2.0442882665478335
-0.5089253950158813	-0.42919748116195067	-0.6149069586558562	0.8961531478150403	-0.8875773267269457	-0.5508429297508984	-0.12205385621659293	-1.096278300369992	-1.4206933126024084	-0.2947402723600516	-0.8871099206938954	-0.9140628224031315	-0.9271396279390792	0.3117605527806553	1.6825679424061961	-0.41985065162960467
-0.1531805055365798	0.5767423779634766	-1.055362014366804	0.3297794912472848	0.05591126666193645	-2.027923018182387	-0.6996969055703027	0.8818045833056627	-0.6265313161653763	-0.09005826374624623	-1.3510686357557578	-0.6552855350398776	-1.4337959419738073	1.1592315245723546	0.7281952793834044	0.2028624839388564
-1.00768917581274	0.2082277056128173	1.3859421586128502	0.129264574535577	0.6521946674781957	-1.258941436117244	0.28546371015985256	0.8343143634197389	0.13881703423067185	-0.06591634450272847	-1.9106746559365226	-0.5894944135446972	-1.609568383113528	1.3627492089508266	0.4081411169085846	1.414563852018931
-1.3555383044267606	0.12400435285449544	0.37021854105256713	0.8013998338832361	0.4049793236826689	0.8654841770683585	0.5831802528296807	-1.5381940860805732	-0.8864277935769322	0.2599831721992458	-0.589338020728076	-0.7337771420120441	-1.8688338412905667	0.7132847574793987	0.8472924175519169	0.6813641969155475
-1.2281111602496608	1.182585535768872	-1.253850855270516	0.4349989209302847	0.607556766053142	-0.08317919558322659	-1.2910172114167071	-0.7009065265060617	-0.5864379701636602	0.5502301000466923	-0.15035888662257524	-0.3345474570307846	-0.6112179216984346	0.6263130252702106	0.3980325800579637	0.037711533366548394
-1.1764366099288408	1.2896175837215225	-0.1605241312070456	-0.08368904629652732	0.5147779338630623	0.5163432661520472	1.0674433249465978	1.2794072946282635	-0.7345123879974075	1.175171297348736	-0.7641824399749543	-0.20607075914960415	-0.7673762215046757	0.8936775434663453	0.33107676000782554	-0.3356529629092469
0.18736750338514233	0.362636032674636	1.2619019961849298	-0.6149534871465279	0.2541648645165853	1.0233333375564957	-1.0582158611914132	-0.5387409686451586	-0.861158314840017	1.7324461741981598	-0.143010637258657	0.1489525190510172	0.031751920850079884	0.868228819208463	0.8928260893919463	-0.03146711725912769
0.01790963238856657	2.2518914320175534	-0.8608778551779835	-1.7564303871836822	0.36958082639049694	-0.13363200392609884	-0.329066433693634	-1.1915279420592901	-0.22826615372585926	0.780281733176708	0.12134642294659248	-0.1726032604521647	0.35461824183759594	1.049983369124711	0.2662925027138854	-0.03789952931413448
0.6719564073806071	1.3653506287824484	-1.146591480087755	-2.248447162563132	0.02957907768870181	0.9403856732894703	1.030528137710059	0.7585769314599942	-0.8329540463801034	0.6456569357558721	-0.4527278523814063	-0.36867657830354017	1.301865612322857	1.6308640388458684	0.741399281376099	0.12762709278104803
0.37413129657801547	1.8656374599348093	1.0182825680879786	-1.5378479834598797	0.27588873132415004	0.20527540274705566	-1.2536774008782932	0.9140185982598756	-0.38850788972632433	1.0454786863141963	-0.567995839047223	-0.30674334338775544	1.7332807820140275	1.49498283442922	0.3809407398842521	-0.2122603858180081
0.5243305445491886	1.8322996317139697	0.25671058746119796	-0.7079615302915554	0.25252902386740994	0.3981121230446023	0.15141087459914487	-1.3385822684830375	-0.28693582553708064	1.0627910548217006	-0.16931327067398785	-0.6877294575446599	1.1865980520060746	1.2090437798051974	0.2570439382691254	0.00902159609127284
0.8383120153380421	1.0854940021886756	-1.3417017406591223	0.41812495243530484	-0.003944322739245336	1.1507146277777622	1.2466215491206698	-0.3485417890018547	-0.9615265644025373	1.2363043264456048	-0.4244971362385225	-0.5925948933860644	2.237047927558095	1.063569256421427	0.620783444883776	0.32996827691684666
2.031559758591346	0.2633026517996405	-0.3479556314519025	0.09108655552060714	0.030601409441297307	-0.042119993344187374	-1.630411946923586	1.3140191313654628	-0.588504605993173	0.8719269322113012	-1.3413816721144503	0.9511541111931243	2.2873227487266794	2.0697938342852074	0.598907861782956	0.7147884526278081
0.2525668956039471	0.5423558426125109	1.226928772031227	-0.6087807455533409	1.3135623516216648	-0.4455083951407889	0.06036145283933503	-0.17809908399105903	-1.0442390614431951	0.8090585279501712	-0.524707054363999	0.6911445163158099	1.46307554915222	1.9447561996247502	-0.6695412821421236	2.160228482575358
-0.8205801556473005	-0.06265823251176006	-0.5802187776184072	0.11905754150987127	0.27934502205388523	1.0531380698567643	0.8163912631663489	-1.3448797539736792	-0.9574059314022618	0.9876911873741642	2.5834396002451663	0.5608206483835931	1.1184634895575007	1.4800706705722586	0.44735626587378	1.4365321852234765
-1.0672699646697503	0.6046680395186603	-1.3358643474840473	0.14601153504461092	0.5798332603014129	0.541225452162346	-1.6329507909347527	-0.17259122760257092	1.6033178013766607	0.45978607053187004	2.7565660089196116	0.5800652336938443	0.12371073438829833	1.317664494986769	0.4226642972831457	0.4161463668600478
-0.6373244410952662	0.5525005500970909	-0.2570146269446087	-0.6649399624565239	0.7193652133010402	0.8016944369193625	-0.3381075850980045	1.3937331625993936	2.3871737913099373	-0.16706930382432822	0.7370792378894317	0.603098783195397	-1.2459188498014344	1.9753508897227605	-0.02029031350611374	-0.27712749515544466
-1.1108089641662666	-0.4024079616946017	1.0842442481789194	-0.09570312305753513	0.5147236232362727	2.026802651145822	0.38421673558932434	0.9220776062496309	1.6845020594991529	-0.41155739685649356	-0.16871821386981548	-0.4272061795536085	-0.14495405626960411	1.3382687128837842	0.404293013045087	-0.9388615952077264
-0.39510075942682454	-0.23946525467108865	1.2240333711380496	0.45161483696549226	0.5733368325622004	0.3013811140851129	-0.9161213574832775	-0.7526590063445057	0.08838592757035495	-0.027943960377607192	-0.10331448415133039	-0.9023601075996056	-0.8751204616308121	1.8341278454548722	-0.41056774076060665	-2.073782279723121
-1.066489856880151	0.18347378128655983	-0.35512578891463453	0.41429855783311614	-0.10290302586462567	-0.17257286855971096	0.6528532268158366	-1.3249765442014196	-0.7871334963401241	0.19454003592503497	0.22071644144392033	-1.468596884978567	-0.7474500148192846	1.6046080165583694	-0.15867951118751725	-1.7537980404072997
-0.7689394696570742	-0.8534517111224266	-1.263791099882555	0.6591219890582981	-1.2307135676091268	0.04511310761576993	0.22008879379877308	-0.4176712877590874	-1.0712993048240782	1.1443024052216197	-1.0842190915610244	-0.8862111239325924	-0.8301317349660973	1.6363925147164657	1.3932013508302687	-0.6763646284284407
-1.748786557163164	1.1492250584309118	-1.2296433196957648	0.5781761970822217	0.09310964236696181	-0.7730517123313724	-0.9416501727625705	0.9310243597240018	-0.49742197275264827	1.4117071558564769	-0.740010206632457	-0.7318096478473413	-1.4886700734009033	1.5356550146202885	0.07221410175726531	0.19116220009341398
-1.159687203050148	1.2337847292241002	1.0964788867592543	-0.33971008583927575	0.0989461648616676	0.3397547938359193	-0.2322306122604235	1.202412219947172	-0.2562747126447408	0.8664434543285985	-0.2106518838073748	-0.724176523647033	-1.5272827309138568	1.1844751771550277	0.06408341478715138	0.0917443127803181
-0.6120821456491394	0.6476189225928857	1.032157350421438	-0.45942536353580926	-0.1917806504313098	1.0663297024872282	1.3137401117850875	-0.6318288703688012	-0.4729819721077995	0.4344324634547633	-0.37656511203449655	-0.8995465374851734	-1.275595680850721	1.3815273785989968	0.5145083273348727	0.29862004135697257
0.21799222073528046	0.7631026496209434	0.1481443645571384	-0.5875286173493948	0.0019758534208756595	0.5980274550609768	-1.883351135051057	-1.4093925170670505	-0.11776449826291072	-0.20316537641501783	-0.0491550883511457	-1.5238855033579626	-0.23419809513242598	1.3200322246781293	0.29196842001108203	-0.12157316795075307
0.5931307637987515	1.7520152012649872	-1.4573400083063235	-0.592518387833383	0.23933216605078855	0.2556522520236858	0.12789976906419845	-0.6231514952700722	-0.138773433410532	-0.48588026058325184	-0.06666070396327127	-1.6212108544365134	-0.22786445016881207	0.8468804399602242	-0.12275585137387426	0.04251511904176956
1.3669309803131682	0.3718039747085344	-0.8365202030615185	-0.4034036277306406	-0.23706976522236542	1.3085515927389522	0.18030616113643688	1.2200505892479958	-0.529361487641977	-0.059738308406988	-0.3454084134565107	-1.4069208606104142	-0.6596186824067156	1.5397122418935552	0.5950138804626617	0.1942990809210767
-0.18386389500172745	1.6267968153977224	0.9507584584404962	-0.6136201864042631	0.0899926781908511	0.17657535871817098	-0.9658802353284749	1.1227770327032423	-0.3029610709156562	0.02347687937639733	-0.2579584984469398	-1.9249826140859878	-0.5853688916987293	0.8829375295925854	0.014221893523334904	0.03324424055047742
0.3312564551219983	0.6718243219033716	1.0522532377767893	-1.1586293119664395	-0.20622398444129067	0.9580302447021276	1.0374831906201423	-0.6900552870699865	-0.636733604551814	0.48275680743116506	-0.27625459329190205	-1.7313698059933602	-0.6403261493613154	1.6598812585240277	0.5181750125918801	0.3484768771400126
0.21185273562487908	1.4220067164799959	-0.4234472117309797	-1.4453497157125192	0.07491712923892052	-0.032299924788838356	-1.2804902315103561	-1.4289910875629304	-0.2753790191645145	0.49258041992065926	0.025379324741540768	-0.9735115180924117	0.9395195770986321	1.1819832242974087	0.03573947641184152	-0.22241166624417733
1.1158686788180208	1.0246236799126829	-1.3257151593565961	-2.1632122773522635	-0.32272420851079714	0.08409031106150087	1.3475203399319267	0.10400115826790082	-1.0334741743024067	-0.5636056895601361	-0.33788878663858307	0.0015657483330548355	1.5996429460671029	1.5921251145416278	0.19212710276051917	-0.4138740675810739
1.127717239456731	0.22696312963994247	-0.2526371392856678	-0.5145751005867402	-1.1551848482372584	-1.101509092685268	-1.3202363332193838	1.2736748500684347	-0.757367961242376	-1.2316280642925739	-1.6247913273106505	0.7193349461445628	0.7698565577223622	1.8128864784606085	0.664222366349145	-0.12150405888608799
0.046913089461560066	0.7195270193409966	1.2314083546894394	-0.12125473882221845	0.0394093654760875	-0.8216514744367238	0.8995247278293272	0.38105918957582796	-0.14547957229854055	-1.886657299188978	-1.9766189483814027	-0.28640612451719105	0.20006316584627645	1.2397634662088692	-0.1851211181586254	1.4115084507135538
-0.2722007580721734	-0.7716735290099108	-0.04456328720106713	0.4725424884790496	0.513516876361571	0.6304545417016472	-1.0466310390068236	-1.4495197286867942	-1.3688243060088974	-1.0582675903690213	-0.13810851643019156	-0.6546400399654886	-0.2404419117141362	0.9803013251331221	-0.15576441139454666	2.065969391515899
-0.8408587465034314	0.7174144739189622	-1.4764484447956772	0.5822088660833822	0.5147002813400303	0.0020698237361757884	-0.41043624512218335	-0.47668317109850894	-0.31106700953116956	-0.21643213900488795	2.3861183858725066	-0.11483774193166389	-0.1716500102849581	0.8649183262959661	-0.26793523391640367	1.3301517945259973
-0.28760888658424255	-0.2738380104966873	-0.5051450368794266	0.2982207006111663	-0.2072403390999533	1.4416289478023372	0.8620131822388336	1.3413037201870641	1.7699836948768524	0.5452700505707028	2.2764319073232113	0.1653110295890531	-0.41441385201971165	1.4646790184367435	0.7541672584316645	0.742184725978562
-0.5386358315516598	0.016653578973383574	1.1907441068706914	0.6854466645877864	0.5995226764322973	0.8493894932133635	-1.6997116852595828	1.1964701595251277	2.599744152446274	-0.20828738593882243	0.07800748466397492	-0.6284220459269693	0.359695989235443	1.01641218375389	-0.417013737811271	-1.0851523499248557
0.41986109136823396	0.10100609494637032	1.2310902584041123	0.5320666553854513	0.2954229163002425	0.4162771851684998	0.4610155867446824	-0.9675937554705184	0.7928068231470623	-0.6601679159756354	0.03333840175771519	-0.8063937556186103	-0.17690483903125537	1.1293681985301545	-0.727340998371507	-1.587271152424623
-0.10973834779928823	-1.1295234823660671	-0.3656139099941202	1.4921800198702904	-0.9139456202821841	0.36758402910964527	1.274748112697026	-1.0928592960857553	-1.8409588743337906	-0.04058344475241268	-0.34555760610967845	-0.5181141826735187	0.8636641201636884	1.1831810993288496	0.4265725332374216	-1.7657442665664567
-1.1184617758731628	0.33877414446895376	-1.6682666227745544	2.399798767796611	-0.2825166724509796	-0.8295223707460604	-1.0050717633736252	-0.24459195046959098	-0.684154640163938	0.6960297474963574	-0.6495887927862144	-1.0831738405596725	0.2592699052524068	0.4103005406455764	-0.14270176318583283	-0.6591235537720033
0.48364764822879275	0.6946820640420845	-0.1248116432362837	1.5300342614293352	-0.013127391269023368	0.5366737865658329	0.8392048924855233	1.4542275630405446	-0.22252052696351932	0.5494072842909623	-0.009970590458936095	-0.9516057879259093	-0.3597211290490429	0.7386605626922537	-0.30890980392036194	0.2771351693151117
0.8058986279824458	-0.7449100443007027	0.9996251045274042	1.3286627383129501	-0.4662478824656847	1.458553808067358	-0.19069701730636326	0.861468047857996	-0.12610083703836147	0.43414927595272373	-0.3612606500096777	-0.355361290437592	0.9037518450948939	0.6700292127389231	0.4948170017303263	0.2709070547007129
1.203815580644934	0.8502201203527783	0.6619744998835991	0.4688487234923106	0.005661024718673244	-0.29565487887282765	-0.8704057939981532	-1.1359587517478291	-0.2695109753929883	0.0034239175091958455	0.5491541883411128	-0.08203506296084036	0.6802244966996505	1.1442151652233452	-0.33616676829890246	0.28114396772710465
0.36469734219497957	0.8182822291831546	-1.0040680194306735	0.16363855834283425	0.0801895979980006	-0.008021195192905676	0.7489336497150619	-0.951452718345072	0.5164862059213484	-0.6865576813126171	0.39806502423273266	0.20006697582489275	1.2784625469331397	1.046695956755241	-0.18995863978845892	0.15295136551659427
1.0083820691186518	-0.4972676126944018	-1.2719046013826016	0.21443369224960657	-0.30486603543714696	1.0094349280352084	-0.5900754296823016	0.3492089042805956	-0.30851597224871374	-0.8413815997416244	-0.25478349119568255	0.6944432639308665	1.9980581179790777	1.1430897257185597	0.28100214536904417	0.25213400942475744
1.5094840550847572	0.6450054491781799	0.19705245446354014	0.3212436348537898	0.28540860719782957	-0.4819662568748545	-0.221635093842921	1.2788090159573022	-0.1157330121205527	-0.6800934727169116	0.07421845733317052	-0.696265813976965	1.7195904785081708	1.2944131368230056	-0.46597561006958055	-0.19834750556898018
1.6223860040887272	-0.33254155011908704	1.1092036005901509	0.7015895683690133	-0.3007282511337655	0.7241285234170219	1.6858469362696165	-0.01635432970422121	-0.21995205056063571	0.11248112152229794	-0.5715699588053124	-1.3496186994171584	1.925624052121549	0.9202560020617951	0.2658307796647844	0.6446302798523221
1.2469920381685926	-0.045979276989378634	0.032404463038569344	1.1248317658845544	-0.01056152872834506	0.3104400322944938	-1.9642162140013921	-1.3651051838050912	0.26525536388002197	0.48736544902085616	0.24760400262884127	-1.542199865842599	1.5455253556200195	0.8294019406538176	-0.0826529259103145	-0.07708779095277604
0.9405202352280495	0.9364432984572472	-1.4060291440252748	0.7489783756487994	0.02579582572820673	-0.051571964174387364	0.40781178416399844	-0.2572503712433906	-0.11660902898382008	-0.0892093173747251	0.1075610974186172	-1.6001290485982977	0.3553480614801992	0.557177864519364	-0.4263476635668902	0.0685860584728175
2.270467811882264	-2.556115221996739	-0.5305140362101274	0.5022487043332758	-0.3611608516830187	0.5543320274988358	0.4609704589219666	1.2707421055806718	-0.1058040583108058	-0.3437956403802709	-0.46995817852192706	-0.9359299893661595	-0.9485961377146901	2.1263113811863965	-0.07395646659851177	-2.056019822086001
0.30968017668999714	-0.4435300776931626	1.2667358492891065	1.356151653002393	-1.3877400074956354	-2.5388276504618856	-0.36407952349379963	1.1580351823640427	-0.48337456535769097	-0.6503914724167474	-1.5872056138185906	-0.7113483336632554	0.4858401497204857	1.2035183208336802	0.32372445127967947	-0.8081709928908553
-0.5432936341990348	-0.25020443872525766	1.1831969709055983	1.0915258016903213	-0.7321584958400165	-1.4044077146231062	1.6234231432425164	-0.9649709750892197	0.16501876463612883	-0.16414028975261122	-1.5333293363426144	-1.4523781902587756	0.39767854763078403	1.187083862441921	0.10800076921165708	1.0742970537309284
-0.5703409481124946	-1.6237070477801225	-0.009515983863780325	1.0632145016568086	-0.4621095872538825	0.6732658149170053	-0.041932524516280836	-1.3616225394645292	-0.38169585217637503	0.9469475441326124	-1.6268736638611785	-0.5862788319004776	1.6439205755301793	0.5616546253612609	-0.27524117837749956	1.6465814843594226
0.4893836281576404	0.02888983590904762	-1.2814870800121065	0.680421484384319	0.5425070660695589	-0.6826301380145222	-1.64629182514515	-0.7671025945255644	-0.7639745360939151	0.7597005895320362	-0.2901314297491614	-0.3220655439037126	1.5060898885829812	1.1660871340629295	-1.4285407217313482	1.8553137331970495
1.535061713109245	0.045240649086441154	-0.7377797827115727	0.4384060568028054	0.5719211863422057	-0.3681613098864728	0.038405492200224656	1.140688548799542	-0.7642170503664198	1.6268924909565479	1.0704035449670852	-0.9914191412033942	0.9644978181119347	1.3988352903641765	-1.6123800053350217	1.960724227216061
0.6688752531903033	0.27748440434829236	1.159556796740714	1.2008944307377434	-0.23900706974326397	0.3370705560874296	0.3660055345751682	0.7555243370473382	0.3696328853029194	1.6397806468533314	2.422363329416777	-1.1505719790973814	1.2304185116705941	0.2542845319927164	-0.915816486729588	1.0041589337410246
1.0103371262517225	-0.27938638955875345	1.1334227823798135	1.598474651280989	-0.5801759022572277	1.3401920383054757	1.651726376157846	-0.6247461492782505	2.3562909984956333	1.758177186550358	0.9264503880352722	-0.8065939734682485	0.2160058858266404	0.49851557530071944	-0.4828300016945526	0.13564088865118593
0.7914566835766492	-1.187068660316302	0.28670363969596413	1.9768732445990782	0.09556021720814417	1.0282761984252904	-1.2862486184120838	-1.3679764296377492	1.4457654725321913	1.282264690807022	-0.32186327509771245	0.29801089283053156	1.213775477580883	0.7141445450003979	-1.4733709080562898	-1.5979997399675194
0.5936224064927752	0.7279498241389238	-1.2318138234663625	1.63183200991374	-0.6682845977716138	0.3577129629142998	0.16410650466792492	-0.4771963247458597	-0.06905575328185441	1.145056290860091	0.2075247730128046	0.8920671800196232	1.517753818464034	-0.06284754409051692	-0.8474051640296478	-0.05058038250465872
0.2720036295624448	-0.5707868189952032	-1.1936422272731242	0.47074975815800557	-0.8560113039949109	1.5033998250546488	0.6031678883130932	0.7036784849195791	-0.408481761816688	1.0798623665841662	0.20859129047722957	0.529775052514258	1.4129301128487786	0.36662831885872804	-0.2487006820514028	0.417811374359415
0.21135597134230227	0.9799577993698166	-0.12104848978070296	-0.20484523131357327	-0.40789168198450987	-0.021696886133412915	-1.204918226819814	1.2894916932952285	-0.1817579772656401	0.3744670000688995	-0.20752525007216407	0.07859607297448709	0.040069864579011134	0.45682951509423925	-0.9541932570370039	0.10561801019282867
0.40818969149668866	0.8333670288088861	1.1509979934846355	-0.8088595957884522	-0.6091279123925849	0.5911570038613068	1.4237281226022414	0.6128730070528914	0.5709813932955529	-0.5640087629262839	-0.45690916817009847	-0.5879786506648176	0.24944582625689438	0.21711217065943006	-0.6112272357349676	0.22180991248696333
0.8701608793789581	-0.41946077108495256	0.8259952992551016	-0.036128369942271095	-0.6475127672067751	0.9241823769447783	-1.4230208709512195	-1.0820425675048164	-0.10456571110528508	0.1842415228088776	0.03581805731377971	-0.06409297338830176	0.2529648840102051	0.4197641864334548	-0.3009813037071282	0.19333393627101164
0.8449811137652086	1.372895329373579	-0.972422997038906	-0.09032257721796148	-0.28277006643920594	-0.19981195020580225	0.018723535483540624	-0.9228754897566113	0.2785421924233185	0.543331140974441	0.13017438343963625	0.4498140095358748	0.1663742753619685	0.09847426474510441	-0.9347678960198939	0.3263894473836221
0.8663098346390687	0.7051403859135315	-0.7429033444297629	0.4912666312022916	-0.5964357983572688	0.24917790144926016	0.4933240279091408	1.1451421218698628	0.04970864926421574	0.8177441571828354	-0.24732594681706827	0.2609486940640769	-0.17316012540731346	-0.16038914961658277	-0.8415226894938436	0.11192550437679669
0.17627999188708104	0.7669422875786477	1.0539138713133371	0.25538815518344055	-0.6003461437615292	0.5593443142873867	0.03173488948008037	1.0255281558282192	0.21128034934407877	0.7327872853287503	-0.13644289085465033	0.2280311508802491	0.6407954232671133	-0.5301036903611884	-0.8532079033028678	0.15636555834688334
0.7171327094799734	-0.5262609517020118	0.9488176253037148	-0.3224074663849074	-1.030878941535273	1.3457935588895626	1.2773951156610102	-0.5306703275922054	-0.07607733434001414	-0.09061651395669842	-0.10747666556239223	0.41003245160073665	0.2511363419570402	0.3754301200668473	-0.1524700136912089	0.6218715618200253
0.4677431610687532	-0.4218844180690429	-0.22328953109926958	0.3571290577981264	-0.250566349210172	0.042904479567245205	-1.5243144828385076	-1.3986022466657635	2.492109488490924	-0.5576771805024414	0.3982165166413426	-0.6036904630316144	0.5744547933443075	0.6234429270776888	-1.1290104706460575	-0.9575343387590577
0.05705210830823229	-1.2585844690416328	-1.4639949259757412	0.473617567677653	-0.4051927363243759	0.01562165422890443	1.1922627630601486	0.12079305632645752	-0.13987838514957088	-0.7963848338804935	-0.013975159441750087	-0.8895986496288597	0.563127397409657	0.4220524557702488	-1.5703178346314843	-2.3287296972905445
0.03656097739404884	-2.0856937932499315	-0.6757765481350055	0.6768934625661505	-1.65372325026489	0.14527155824794108	0.28154484767207966	1.2991782205249673	-1.176086063389234	-0.5840329651172274	-0.18538239326107872	-0.8747399700512672	-0.0022751925420915445	0.7746310657190346	-0.1746779847280948	-1.7047250000073602
-1.0179712230672817	-0.17206560111615357	1.1898919945681385	0.6155224395212039	-1.8455139392075	-2.150666322156837	-0.8997275813517408	1.312050517911403	-0.4429226018666413	-1.2881472108225884	-0.866785412955503	-1.247328293810477	0.06375490542137766	0.6597629698117055	-0.31956576687997823	-0.9416939772317816
-0.7589273669753555	-0.09623969319056107	1.4270933046556198	0.30688993612550225	-1.406577624128107	-2.1255247026325255	0.909852153997334	-0.31375797232810343	-0.05162752763708405	-1.405584953450424	-1.650066470624123	-1.0840600560802645	-0.13295324113290785	0.6543501225806119	-0.5717180669551105	0.731834932712673
-0.6423730823449574	-1.3395158432365042	0.4102534747061616	0.6616645849997596	-0.7453448375345652	-0.5846691282417051	0.5213420387735967	-1.1740917100257786	-0.07468647803022634	-1.47455083475896	-2.270514317649234	-0.6958770240192425	0.45730650212048096	0.8987245466406472	-0.3488959252166156	1.695281849087142
-0.2617591501027594	-0.13574312244511383	-1.0667401493947055	1.1171954296474713	0.13539939876475401	-0.9577584778578245	-0.5741637903492562	-1.0944166740096162	-0.44388898875344757	-0.15860601522664944	-0.11708024464431428	-0.5062725513230282	-0.30043987715877163	0.48600210294156027	-1.6518805951529685	1.6998617289099576
0.01593821844069895	-0.36587453143236626	-1.2326926828745537	0.7928868850528007	-0.3424264728385301	0.1796354103521183	1.0162718525329417	0.7663374121239271	0.13530830862365203	0.8202815039308761	2.707925949747574	-0.6569644307886905	-1.0457027486426662	0.3199663427668275	-1.2561798708527085	1.2975014113234244
0.08878527607168886	-1.037240666493233	0.26938906922451444	0.500834378789086	-0.7548907232983587	0.9956789592142601	-0.9699159958981822	1.2506311383578437	1.304027317254443	0.7611027736264605	2.530441385493672	0.2952638654847581	-1.1944455661192288	0.5684109094997166	-0.5194518781988274	0.8765999527609364
-0.5611059496761325	0.4425960336951362	1.4509815323253115	-0.3145528688975485	-0.5459977991786615	0.019669139668507998	0.1911987853879672	0.243583732305012	0.8515959087879333	-0.5430128478818389	-0.046420863836231285	0.6143399027905246	-0.03846662334974702	0.1219316180346005	-1.2794917886331814	0.0883913728447901
-0.8873129717653916	-0.20518191070996167	0.16765230640199655	0.352842908693857	-1.088286765572305	0.7562948300171914	1.660413472932074	-1.2407447790022943	0.07610753633991371	-0.7076652859235897	-0.25627906928306654	0.08136987463992061	0.7095822391502237	-0.365714706622014	-0.7518505132077201	0.3997155466324563
-0.26932336538454865	-0.14330111170452867	-1.0849640673668164	1.1826227918822174	-0.7599682989100651	0.6385020368209534	-1.8420314887166367	-0.6822240909091918	0.3467185370098318	0.031538663551145645	0.3153875954067864	-0.5265980525473885	0.645304611748448	-0.6266128409203782	-0.9198817207131147	0.030618075055791664
0.568330754996282	0.8510865433635404	-0.5105721897818568	0.46834972901491195	-0.798523859253384	0.06993347164355226	0.151322114545958	1.4744383352165749	-0.06057741816018357	0.4331319759884202	0.032861937396889924	-0.723382515968297	-0.39666153013606936	-0.8335113483975737	-1.2613918765247156	0.1465405451976586
-0.007063072342099963	-0.3274852477351556	1.049051529497876	0.1860199380826977	-1.0954025409495232	1.3049860711014845	1.2486305770896475	0.9160625685124755	0.036526794466272126	0.8035819501530143	-0.05263826187029061	-0.5929713957079311	-0.08417129635379803	-0.6480529859010877	-0.5975452645018283	0.495407742103715
0.059177383074935655	0.4555830994721979	1.2258306274170767	0.15153780024310315	-0.9432068863250275	-0.09758970190609009	-1.0397297427055416	-0.9526310821202498	0.14154629374606578	0.32027941115695585	0.19637417107682584	-0.550323909410582	-1.1451727239398315	-0.015015149716925372	-1.137356712910559	-0.14581217682034942
0.1462567030075763	0.9143167944985902	-0.7412536350804482	0.12007852591483557	-0.894436191937159	0.0648002015264475	0.6615173758804562	-1.0553316185911512	0.29216367171745666	0.04492340256479804	0.3621053851788599	-0.982914970504509	-0.9072701303384921	-0.6177741765411435	-1.200601182768627	0.28668834460468073
0.42985333375017326	-0.5686986131578045	-1.1308696529949314	0.5145439222310202	-1.2274891378808652	1.2994943090493665	0.7398657909643452	0.3692465425575237	-0.24330700265977806	0.5470078075690684	-0.17788187120983784	-0.6222298484594317	0.2527507855394274	-0.6111562159678217	-0.5524442785507161	0.4419593726801909
0.3304874283110704	0.667643414027538	0.4862722002782102	0.7025201211156366	-0.7571334402972365	0.15565978868066793	-1.027776512589571	1.3543948648566397	0.0990739312038521	0.765197744046447	0.041856014391209985	-0.6765321114971146	0.9198504298312028	-0.7684142369202835	-1.361547518210006	0.08093463485198057
1.2124775806565855	0.024723910285894272	1.0901481178444816	-0.2816660364970367	-0.9862417385408313	1.0036109303290834	0.7626302229645939	-0.7554228654206198	2.3635388115026656	0.8449696255787751	2.408143773882942	-0.12790382627609398	1.0870361831521396	0.16144144980660105	-1.17193508704053	0.2873571703550643
0.35076244877113777	-1.2139707666678108	-0.3950719805196019	-0.606662277915942	-0.5102027662065064	1.6923548196065195	-0.9378935608205077	-0.9070301093103601	2.726666352887659	0.38494707478432366	0.6241940600526474	-0.4062513098175309	1.5945039626627204	0.27725820395250295	-1.2106777511208138	-1.1964716188635984
-0.33872941671371437	-0.09627706475019375	-1.118602420666691	-0.4145994333127395	-0.7392301249512515	-0.18458613219228845	0.24951147594751177	0.8302786300125969	-0.03499647935259434	-0.5777414898980313	-0.009488861202057714	-0.8338754999464814	0.6872237830949898	0.09902890233137152	-1.779961930241945	-1.9107738239425966
-1.0823955985542515	-0.2563548086299179	1.085750743268906	0.7286170331390456	-1.7459786532861443	-0.6102177026557664	0.9589200160378097	1.3343001905770904	-1.1289896953500136	-0.8564256274850733	-0.24381540372820668	-0.7199199293989802	0.39904144421490984	-0.8045396579561686	-1.0650310265509508	-1.6463013809692033
-0.21651851354050977	-1.0971562579369811	1.169020578920075	1.5149253516201169	-2.389656616439385	-0.3405019797368197	0.831137504463986	-0.23406513972434534	-1.1226863427430067	0.09371050231123466	-1.2617517192400745	-0.5166110870486199	0.7909351282365394	-0.4068057182511811	0.05688640402969642	-0.09377573122616888
-0.6769870011121771	0.04523587193493949	-0.2320232602621806	1.3129635705818938	-1.7354222985122818	-1.6447530522206535	-0.6427449877040123	-1.3298056371025786	-0.2513287914323859	-0.0377647703696668	-0.7701117732791559	-0.15798068851116465	0.8841796297230616	-0.40366638014105966	-0.9101770169592143	-0.12053434113152185
-0.4678391223390714	-0.1121611057709853	-1.0416265340563087	0.6291937307138252	-1.1640476490350193	-0.8719839968857737	0.2276885113133858	0.9550965696556726	-0.25937525282246376	-0.12512174716093039	-1.6813398697354527	0.07798368274266612	0.12057588047532146	-0.43803303788639064	-1.2344471832619657	1.5065771413135123
-1.3579090372630167	-0.17625975100458838	0.9173421921380798	0.03765283437867692	-0.7070397871818819	-0.19549691885139864	0.005895210127033569	1.2501701616934877	-0.6019226350021919	-0.30634074743233664	-0.5538394811526318	-0.02363282082471653	-0.7072053686981308	-0.7793429249045202	-1.5356572657933552	1.8880528230629314
-1.1591824918469325	-0.8281968269073469	0.9300796939634773	-0.5507559986388839	-0.4630145445844347	0.7828964327494765	1.6794745627577836	-0.6237825441668164	-0.8648846533635304	-0.8256596177207629	0.34422538067162245	0.5922226407648012	-1.3056803361638978	-0.1552352126259451	-1.3809566564754039	2.4164583373849187
-1.2650438558195078	0.522478131738383	-0.19074429139081064	0.23783753913503183	-1.049584979277811	0.38745426408869565	-1.6552497158536423	-1.4617374831399381	0.28580768740090834	-0.8498626732202054	0.6638479710765993	0.13600689579851954	-0.29126404975170195	-1.170789186657342	-1.1195040809474528	0.2968100993684353
-0.6744017584348181	1.1327115111576274	-1.341182771963538	-0.4540507668131344	-0.9654650617790909	0.459460608762647	0.7678916329346203	0.513819400644712	-0.23586014271698286	-0.3000068794539896	0.2268882657374159	-1.3436133398252588	0.5053814162563955	-1.7255053120717725	-1.3496402859181111	0.16959550218544203
-0.2756936190602346	-0.28137826419044115	0.2936504670503798	-0.7433213801420986	-1.3397794708174957	1.529557259272702	-0.4922569412390844	1.2700426289513054	-0.4143769923628361	-0.018376000857489916	0.12689447924129443	-1.856180522009402	0.37139388296636566	-1.000824554862427	-0.544335972199284	0.39204517057474036
-0.3946057233205283	1.4454385022140461	1.1639007025146728	-1.5925593461807412	-0.9657762927730341	-0.09430472911022517	-0.8007299872400616	0.1348576457293859	0.07220337204332822	-1.156253203277942	-0.10085075143753192	-2.125874114769963	-0.2661851313151868	-1.284752876873991	-1.2088932772901761	0.03656765430508524
-0.38561848392535436	1.3941523482195193	0.012873191821004862	-1.6174882737369205	-1.0994812834230367	0.08870196557759732	0.055769579861204836	-1.2608086058900398	0.10363208417119708	-1.6820924932489048	0.04232890598686538	-2.230734906040364	-0.7997590396132687	-1.620146425622003	-1.1764947016670817	0.1475618497473613
0.08799167269899164	1.1144644504829304	-1.3537314513834429	-0.6939006658891084	-1.120166760651788	0.5476442827345601	0.6932330351039476	-0.26850664588661133	-0.214121347355826	-1.4550694564818916	-0.07900997672706042	-1.7484531875469338	-0.41250840168278624	-2.0829364754414916	-1.1429769118843134	0.08391280612420825
1.1403995647098675	-0.3550747759768161	-0.5090656195450757	-0.8097314524541318	-1.231658216022627	1.317020735145506	0.19036685824232755	1.1182990684819896	-0.4680420125598241	-0.09354638281792436	-0.4351203311023374	-0.07810751437538098	0.41087676314025756	-0.9027707499996379	-0.5991269043376971	0.44364273373103125
0.5040303077180834	1.0801977157050708	1.3213820137188643	-0.7370897909395413	-0.9653959457875955	0.19304992619460182	-0.5695004314209138	-0.14291369683106864	0.09369785077998712	1.165908397570694	-0.21363316603199375	0.8640211679191813	1.4708766373095763	-1.5812591427248395	-1.3145966371630604	-0.0019783028771973533
0.24369818429820114	1.1065347049650238	-0.8052475294872858	-0.9002649897588334	-1.0508021259040659	0.53856969462243	0.1650426039893404	-1.0571630628664874	0.022195849150663926	1.632555643967694	0.30823062809066143	1.0273502991690595	1.2051196901944647	-1.8896991652784259	-1.2497612455154945	0.37738707481117856
0.6272494306572445	-0.8051297881900689	-1.1273551370397756	-2.220367408556436	-0.7727545170465965	0.9123457020213266	0.5537938271668011	1.131294726226696	-0.4992086480503561	1.2170291595015281	-0.7849018308174309	1.4133671087253936	1.0024209876642574	-0.13074298895086703	-1.0441781126935896	1.6011679101997305
-0.38992201714440033	-0.13895394666234362	0.8551653313837345	-2.119037090226209	-0.20272435227423255	-0.19167947433773627	-1.1054051075162283	1.0411351197723497	-0.5337959624707029	-0.21108076905796672	2.357605373122571	0.9565138411323683	0.3804722010282428	0.06386936285529984	-1.6121821541788133	1.5468572373164233
-0.5623434093998931	0.14068279192196337	0.9768573174864088	-1.954612569113002	-1.188441240263577	0.9769936400420033	1.171372242261035	-0.9784367932765393	2.1073429950098514	-1.2756306942450693	2.759351657308957	0.8395775016076978	-0.4647895779451419	-0.013389671033682606	-0.4732050814615609	0.8142646923147825
-1.178221515105792	-0.24909147677722454	-0.9128913292755413	-1.1366537094014013	-0.5016689295917515	0.6941718828089583	-1.4214953958480927	-0.9220040862163157	3.391756219279866	-1.7646169105885425	2.0087705365013697	0.5901031757848586	-0.3562572933546706	0.033057248655530544	-1.0862124858647717	-0.3520123216173216
-1.6061402872531942	-0.3179286458479006	-0.9310395594460652	-1.445018125419672	-0.2410940827773822	0.8784241183512332	0.17976178498264306	1.2240138554020377	2.848230174772347	-1.7204408768050683	0.21692143462081295	0.516907732725941	-0.4586324722425469	0.05374900203165285	-1.592263555628057	-1.1704460544602846
-1.3998462741337716	-1.0542412859197927	1.1022526002830215	-1.154955623483621	-0.7456410787149147	0.6373658426075758	-0.16334584111302697	1.1896708690133486	-0.11401252773295659	-0.85310076114548	-0.07721304836968196	0.3411025674915035	0.29062485856558695	0.23530453600667217	-1.406627779345317	-1.5268137545608778
-0.7408466983485912	-0.5960980461866997	1.4665892488100665	-1.1636070050153549	-1.6678893837596316	-1.1347946557411388	0.8366226994112983	-0.8538696430182887	-1.0108548619169146	0.35468078479501264	0.05501512158668324	1.425777103895861	0.21264335318942412	0.9443391582115453	-1.0688192405721364	-1.6943764136313733
-1.3152483532917878	-1.0609817537080117	-0.4011254579900524	-0.6596701084269466	-2.436919831449618	-0.9694809196783141	0.4356807441570389	-1.3375171846732168	-0.7442494338344304	1.0449607985362215	-1.701844416574207	1.4508857179176256	0.5650867787875001	0.9576771856879908	0.09490312548126034	0.39430161561264687
-1.596986275318265	-0.26356191175634774	-1.3931289026851792	-0.6654725879587073	-1.324389102990128	-1.8383917932893779	-0.30252679225830587	-0.3350723277190427	-0.21363338812281588	0.45967874864227903	-1.3942982789756542	1.4032630678563207	-0.220646266292573	0.763742556826425	-0.8954276303522313	0.9761687877600467
-2.5730796151115145	0.2004608450415	-0.5422032163655596	-0.4949641633637296	-0.970761734951384	0.1363268523316873	1.0157789304133535	1.05030517517516	-0.10674107673360894	0.3402566046496818	-0.9371021171477568	0.8598133738980583	-1.6475018956874279	-0.034175721711610034	-1.0958449427809356	0.7169147174291067
-2.069620174280467	0.3425635547872243	1.0522497070960615	-0.965802338320968	-1.0876441452076888	0.48153578814731857	-1.1038261405026595	1.0662120453513142	0.009713894268372157	0.16683184026184741	-0.0060104138255412335	0.7310785178550002	-0.9604262032982763	-0.4118495463770798	-0.9699697199395425	0.2901853077147938
-1.4326362692788233	0.2386479959961095	0.9397305075851962	-1.2777539725505012	-1.1228482013092331	0.8007411437692983	1.4572231002082294	-0.6376291570824713	-0.08200244981720702	-0.34407166504084047	-0.31813752511990245	0.19866854615362514	-1.7609250045799512	-0.25996776100413543	-0.7316673351791633	0.2877259138529179
0.04579453894008364	0.09028418106448025	0.010758228049801607	-0.7469231644652075	-0.9589951787060166	1.0187858865749173	-1.8328921758580887	-1.4304561368236697	0.11210402183350933	-0.679131042060956	-0.06538083553828673	-0.4503976242015949	-1.415765000438294	-0.7080096430945976	-0.7920353163735185	0.19238144050299785
1.6068588757116842	1.6694817237646902	-1.318682705136019	-0.9435014601012325	-0.8113172633643081	0.1890300002704798	-0.06023460075815876	-0.7512217191241993	-0.08109097822700138	-1.0460927486067868	0.178077809839157	-0.41484835409891674	-1.6764327889788095	-1.104952523790154	-1.2780469430716555	0.2215442369641669
1.1780502380219497	0.44537012438842255	-1.291735571637625	-0.8151699451740774	-1.1246499851683363	0.8424985204154519	1.3722946008149834	0.6682195548041844	-0.41914773224926527	0.026469689614544125	-0.26855648462659526	-0.3471489952362868	-1.7436367699076154	-0.8844051809719059	-0.8385308732862649	0.3175803591005492
1.04711948810769	-0.28962587234035564	-0.7402808443080201	-0.8049077679219425	-0.9995755288845509	0.9538202203570938	-1.6487204204381087	1.0312991881931162	-0.15253042862884256	0.788077222674012	0.09084171113881526	-0.16806312194945688	-1.7972881042240598	-0.23941593543080347	-0.7391538278199988	0.30411066047302787
0.2831761969429355	1.1890982799728695	0.6372754342325537	-0.966311577456058	-0.6584160566587052	0.23173959936872066	-0.02438034964430255	1.3230202883503877	-0.1414170750321981	0.2470379670879846	-0.15616892118317122	-0.23059517644179062	-1.5592494100025203	-0.7680956821225614	-1.44823090754395	0.13064606679854124
1.2064743069293535	0.03320702372385349	1.0893060711771008	-1.1639296983641647	-1.1006546900226093	1.4194312720109745	0.5506268333879192	0.12955863601929704	-0.07893658773168749	0.6515377358610157	-0.4820226758733246	0.6054822213809663	-1.0300530707396827	-0.6127003422066282	-0.6148966390053098	0.5393459584481707
2.256711203039604	0.6733315859166867	0.9028076131318465	-1.9113311499061039	-1.7130918612288963	-0.751692659331024	-0.36434118945637306	-1.3758971230930497	-0.5224499624448903	-0.36726793164272065	-0.11786366609982699	0.8059150296433312	-1.2872538044972128	0.3522009334525347	-0.7939661347595391	-0.4099667332252295
0.1823022576468038	-0.11206275239725492	-1.1739935610989276	-0.7192829408718515	-1.7109890476822485	-0.9741370318651233	1.5329970710819867	-0.704110500807169	-0.2219648492041044	-0.7991168222132691	-2.4100125849380656	0.5971205683411104	-1.0604805536158677	-0.12817212123927313	-0.4100445166189957	1.4066612807267578
-0.5539928462697301	-1.0252380183334486	-1.3955309567521388	-0.2907632090869087	-0.07226297388289947	-0.06861686980613126	-1.9589949654525214	0.36268087796129195	-0.937577467088038	-1.2246159003824921	-0.4646448081610066	0.6893807375105326	-0.985649041514848	0.19898535232869774	-1.6699790756750803	2.2996915312804527
-0.9188350361141524	-0.04263795128690463	0.0035120006491982853	0.10481177914346806	-0.1979276646993937	0.03959378931914442	-0.054625570592149314	1.1481996902136786	-0.3042966721857048	-1.8644843095543535	2.470248053255626	0.9061002290371374	-1.620072840064218	-0.28305177348726124	-1.7087877313560886	1.5817233171788758
-1.2749204498997422	-0.35416594334889856	1.1605978613493677	0.4619460796013661	-0.7331324333021023	1.6068777756364392	1.1631662810814625	0.6807741665842675	2.600721803044336	-1.6682116652126462	2.072047335935528	1.2740158065107012	-0.09906611249714527	-0.9115924851166893	-0.8066661035015934	0.7529852490945258
-0.05294918726322308	-0.2623226700659563	1.3786954987514755	0.27585954870683665	-0.7629124895811171	1.1849958785134371	-1.4426522935495618	-0.5434886332822614	2.378252677054028	-0.7462359706510239	0.7873589071385803	2.165209576240562	-0.07240809006806734	-0.4123381804625673	-1.1860337998517123	-0.4362060504564969
-0.9534504255160727	-0.35943458390212873	-0.07170282387024375	0.42547597444955304	-0.38913940704476097	0.7000633721518149	0.44655799157833115	-1.3192140221199522	0.9991674559315711	-0.1967690730793113	0.21129062843064497	1.943314401154724	-0.2793724514687443	-0.40658709634645757	-1.9914328916085346	-0.9962374933972624
-0.02401598122159786	-1.6084707476997822	-1.165216549930714	1.3456140015409337	-1.9079529378514903	0.7149499022916443	0.2918883276086881	-0.45535128121172713	-1.2251508494597938	-0.15988272322347505	-0.343229967095329	2.181721829607815	-0.15502696596885807	-0.05594126182302655	-0.5728922886375603	-1.2416167718744775
-0.9328040207987792	-0.07784297789647672	-1.0688643641629234	0.7475495699099395	-1.5712982696504822	-1.4498546345996397	-0.26160015652787416	0.7542538011697291	-0.28662125148873896	-0.3024256280677774	-0.6344333635750165	1.9210579649932138	-0.041624400967902486	0.06411850355463729	-0.832244276499593	0.1898673962604152
-1.3948996576216646	0.12358721494749074	0.03354620256895315	0.837071128167705	-0.8756982216753041	0.3639618527825594	1.570897967409042	1.1257204467550594	-0.021682360841529493	-0.7250043947421673	-1.0448512650281812	0.13137567745226378	-0.2447488283130124	-1.1311811871700952	-1.3710877188070776	0.31490844735884527
-0.14148365099943688	0.1931823529556669	1.0642329481289592	0.9952645002672709	-1.2226784890235907	0.9520606984940023	-1.649882058158842	1.0067372325754271	-0.025243666336396384	-1.027520364924209	-0.07692067530921716	0.0058429992734358146	0.7120223755049258	-1.4750885917926886	-1.070586409364769	0.14939016011902814
0.6200707730045757	1.0260147672074387	1.1481708487590925	0.40802506065369604	-1.0510170078651906	0.3477912719209527	0.6024093183802892	-0.6696120051704729	0.0014702671537583374	-0.9378733158809485	0.28227633650504097	-0.4030853497257302	0.559188056880635	-1.7014114749865616	-1.4910021473952189	0.19181126625889144
1.1063701762212654	-0.47753007368953054	-0.243197858441537	0.7274874993639256	-1.3415694911602227	1.6788042618363561	0.3789552682923382	-1.115859894660796	-0.2881606494603465	-0.3352868741819692	-0.5429221585583189	-0.04789579861288483	1.8929058698934187	-1.7633041613391047	-0.6607135697716456	0.5962562499198363
1.5653471470359026	0.7643601262265463	-1.2943110606297479	1.1176276218019094	-0.8333703199750426	0.17459653127466163	-1.4317217703411547	-0.466564302309079	-0.04091204477516619	-0.6450057691756299	-0.015949645675430328	0.7186280821032986	0.8185462605081236	-1.439653003178937	-1.3966422024162872	0.06953040596092581
1.9636010828717378	0.911627073446975	-0.5411424736963302	0.3934384766655245	-0.8709042299644034	0.49848401768395656	0.17260904058083662	1.244216258986867	0.029839751844524143	-0.2953694442711074	-0.1479072033069615	1.0909573453320516	-1.3268769433313439	-1.4931742824522936	-1.5911575224018664	0.32084138318859334
1.4165299313014608	-0.30232940272541936	0.6357609815176448	0.5858146166140197	-1.2863619039557517	1.887687066268113	1.0414926334477952	1.071352770313852	-0.2507418700689697	-0.031798786635326204	-0.20125183098029945	0.9368907358734143	-0.9151575167562682	-1.6306609084230999	-0.7490662864978673	0.5742691165106274
1.3753654188653628	0.942986160421467	1.3064749102832036	1.0347059688660905	-1.113029095285255	0.4576709685080862	-1.2876199181557066	-0.23143676041890168	-0.08299695652615195	0.28065579959599285	-0.40791444153342615	1.0723829451323117	-0.7032402217252298	-1.9607561990238536	-1.5094860398709424	-0.09257601008169092
1.605317074326032	1.1014056916817638	0.11131493960374911	0.3293257430737444	-1.1497276816289497	0.6907959736018456	0.08892425681424801	-1.3228736673087675	0.1079687625476247	0.1314518859422795	-0.004346164741751899	1.3500639582689593	-0.11274009629098214	-2.19938461910188	-1.518483912495517	0.2776792187071941
1.4579763058348347	0.38397751822318743	-1.1332890973490322	0.4528593032837718	-1.5737622970261942	1.5179297253968447	1.614106831627884	-0.5786992013023281	-0.24518435371025477	0.0177404564700416	-0.32507717392019797	1.6347199808443418	1.2010437351714225	-2.10750782490148	-0.8827904557619572	0.38062426502774666
1.560811846110281	0.31584829453181595	-1.1493402045999925	0.6751966994176528	-1.3180872096190266	0.9719942549006845	-1.6771891168016653	0.623381512869571	0.03676221957593638	0.35117986709460075	-0.11718083228728869	1.3069422845768208	0.512480833461531	-1.598177114491562	-1.2628963152588226	0.08182695882825305
1.7204229878684543	1.2711227711813646	0.28760882169699487	0.36062461864314743	-1.0093934014827914	0.9194573023490574	0.5624998520038821	1.2382779420331684	-0.11626093494226701	0.8224295023707107	0.006445027915555881	0.466374399675154	-1.2073724819714593	-2.074224743741915	-1.6836205600461938	0.031787456088697846
1.9169711465908186	0.002729298764232841	1.0595651706118274	0.09976569691957089	-1.5067600630852667	1.850914983587563	-0.2640178164309517	0.27949300953740575	-0.1475971950065416	1.2580394520776899	-0.637880538940686	1.1703359813366176	-0.7129078772138018	-1.6066030823997512	-0.7370661514244764	0.3996421226480312
